Workbook
Name Currency: Input!$C$4

Sheet Input
A3: Risk-Free Spot Rates
A4: Maturity | B4: Year | C4: USD
A5: 1 Year | B5: 1 | C5: 0.044490912
A6: 2 Years | B6: =B5+1 -> 2 | C6: 0.043834498
A7: 3 Years | B7: =B6+1 -> 3 | C7: 0.041829148
A8: 4 Years | B8: =B7+1 -> 4 | C8: 0.04063536
A9: 5 Years | B9: =B8+1 -> 5 | C9: 0.039398721
A10: 6 Years | B10: =B9+1 -> 6 | C10: 0.038681191
A11: 7 Years | B11: =B10+1 -> 7 | C11: 0.037930662
A12: 8 Years | B12: =B11+1 -> 8 | C12: 0.037522551
A13: 9 Years | B13: =B12+1 -> 9 | C13: 0.037089294
A14: 10 Years | B14: =B13+1 -> 10 | C14: 0.036634186
A15: 11 Years | B15: =B14+1 -> 11 | C15: 0.036474296
A16: 12 Years | B16: =B15+1 -> 12 | C16: 0.036298089
A17: 13 Years | B17: =B16+1 -> 13 | C17: 0.036107875
... A104: 100 Years | B104: =B103+1 -> 100 | C104: 0.0387163

Sheet Scenario Adjustments
A1: Scenario | B1: Description | C1: 1 Year | D1: 10 Year | E1: 30 Year | F1: Phase-In Period | G1: Phase-Out Period
A2: 0 | B2: Base | C2: 0 | D2: 0 | E2: 0 | F2: 0 | G2: 0
A3: 1 | C3: -0.015 | D3: -0.015 | E3: -0.015 | F3: 10 | G3: 0
A4: =A3+1 -> 2 | C4: 0.015 | D4: 0.015 | E4: 0.015 | F4: 10 | G4: 0
A5: =A4+1 -> 3 | C5: -0.015 | D5: -0.015 | E5: -0.015 | F5: 5 | G5: 5
A6: =A5+1 -> 4 | C6: 0.015 | D6: 0.015 | E6: 0.015 | F6: 5 | G6: 5
A7: =A6+1 -> 5 | C7: -0.015 | D7: -0.01 | E7: -0.005 | F7: 10 | G7: 0
A8: =A7+1 -> 6 | C8: -0.015 | D8: -0.01 | E8: -0.015 | F8: 10 | G8: 0
A9: =A8+1 -> 7 | C9: 0.005 | D9: 0.01 | E9: 0.015 | F9: 10 | G9: 0
A10: =A9+1 -> 8 | C10: 0.015 | D10: 0.01 | E10: 0.005 | F10: 10 | G10: 0

Sheet Reduced Spot Curves
A1: Tenor | I1: 1 | J1: 2 | K1: 3 | L1: 4 | M1: 5 | N1: 6 | O1: 7 | P1: 8 | Q1: 9 | R1: 10 | S1: 11 | T1: 12 | U1: 13 | V1: 14 | W1: 15 | X1: 16 | Y1: 17 | Z1: 18 | AA1: 19 | AB1: 20 | AC1: 21 | AD1: 22 | AE1: 23 | AF1: 24 | AG1: 25 | AH1: 26 | AI1: 27 | AJ1: 28 | AK1: 29 | AL1: 30 | AM1: =AL1+1 -> 31 | AN1: =AM1+1 -> 32 | AO1: =AN1+1 -> 33 | AP1: =AO1+1 -> 34 | AQ1: =AP1+1 -> 35 | AR1: =AQ1+1 -> 36 | AS1: =AR1+1 -> 37 | AT1: =AS1+1 -> 38 | ... DD1: =DC1+1 -> 100
A2: rfr (Spot Curve) | C2: Currency | G2: =MATCH(C5,Input!A4:D4,0) -> #N/A | I2: {=INDEX(Input!$C$5:$C$104,I1,1)} -> 0.044490912 | J2: {=INDEX(Input!$C$5:$C$104,J1,1)} -> 0.043834498 | K2: {=INDEX(Input!$C$5:$C$104,K1,1)} -> 0.041829148 | L2: {=INDEX(Input!$C$5:$C$104,L1,1)} -> 0.04063536 | M2: {=INDEX(Input!$C$5:$C$104,M1,1)} -> 0.039398721 | N2: {=INDEX(Input!$C$5:$C$104,N1,1)} -> 0.038681191 | O2: {=INDEX(Input!$C$5:$C$104,O1,1)} -> 0.037930662 | P2: {=INDEX(Input!$C$5:$C$104,P1,1)} -> 0.037522551 | ... DD2: {=INDEX(Input!$C$5:$C$104,DD1,1)} -> 0.0387163
A3: Forward Curve | I3: =I2 -> 0.044490912 | J3: =((1+J2)^J1)/PRODUCT(1+$I$3:I3)-1 -> 0.043178496 | K3: {=((1+K2)^K1)/PRODUCT(1+$I$3:J3)-1} -> 0.037829998 | L3: {=((1+L2)^L1)/PRODUCT(1+$I$3:K3)-1} -> 0.037062199 | M3: {=((1+M2)^M1)/PRODUCT(1+$I$3:L3)-1} -> 0.034466842 | N3: {=((1+N2)^N1)/PRODUCT(1+$I$3:M3)-1} -> 0.035100965 | O3: {=((1+O2)^O1)/PRODUCT(1+$I$3:N3)-1} -> 0.033438859 | P3: {=((1+P2)^P1)/PRODUCT(1+$I$3:O3)-1} -> 0.034670267 | Q3: {=((1+Q2)^Q1)/PRODUCT(1+$I$3:P3)-1} -> 0.033629743 | R3: {=((1+R2)^R1)/PRODUCT(1+$I$3:Q3)-1} -> 0.032547196 | ... DD3: {=((1+DD2)^DD1)/PRODUCT(1+$I$3:DC3)-1} -> 0.042
I4: =I3+1 -> 1.0444909 | J4: =J3+1 -> 1.0431785 | K4: =K3+1 -> 1.03783 | L4: =L3+1 -> 1.0370622 | M4: =M3+1 -> 1.0344668 | N4: =N3+1 -> 1.035101 | O4: =O3+1 -> 1.0334389 | P4: =P3+1 -> 1.0346703 | ... DD4: =DD3+1 -> 1.042
A5: Currency | C5: US
A6: Scenario #
I7: 1 | J7: =I7-1/9 -> 0.88888889 | K7: =J7-1/9 -> 0.77777778 | L7: =K7-1/9 -> 0.66666667 | M7: =L7-1/9 -> 0.55555556 | N7: =M7-1/9 -> 0.44444444 | O7: =N7-1/9 -> 0.33333333 | P7: =O7-1/9 -> 0.22222222 | Q7: =P7-1/9 -> 0.11111111 | R7: 0 | S7: 0 | T7: 0 | U7: 0 | V7: 0 | W7: 0 | X7: 0 | Y7: 0 | Z7: 0 | AA7: 0 | AB7: 0 | AC7: 0 | AD7: 0 | AE7: 0 | AF7: 0 | AG7: 0 | AH7: 0 | AI7: 0 | AJ7: 0 | AK7: 0 | AL7: 0 | AM7: =AL7 -> 0 | AN7: =AM7 -> 0 | AO7: =AN7 -> 0 | AP7: =AO7 -> 0 | AQ7: =AP7 -> 0 | AR7: =AQ7 -> 0 | AS7: =AR7 -> 0 | AT7: =AS7 -> 0 | ... DD7: =DC7 -> 0
I8: 0 | J8: =I8+1/9 -> 0.11111111 | K8: =J8+1/9 -> 0.22222222 | L8: =K8+1/9 -> 0.33333333 | M8: =L8+1/9 -> 0.44444444 | N8: =M8+1/9 -> 0.55555556 | O8: =N8+1/9 -> 0.66666667 | P8: =O8+1/9 -> 0.77777778 | Q8: =P8+1/9 -> 0.88888889 | R8: 1 | S8: =R8-1/20 -> 0.95 | T8: =S8-1/20 -> 0.9 | U8: =T8-1/20 -> 0.85 | V8: =U8-1/20 -> 0.8 | W8: =V8-1/20 -> 0.75 | X8: =W8-1/20 -> 0.7 | Y8: =X8-1/20 -> 0.65 | Z8: =Y8-1/20 -> 0.6 | ... AK8: =AJ8-1/20 -> 0.05 | AL8: 0 | AM8: =AL8 -> 0 | AN8: =AM8 -> 0 | AO8: =AN8 -> 0 | AP8: =AO8 -> 0 | AQ8: =AP8 -> 0 | AR8: =AQ8 -> 0 | AS8: =AR8 -> 0 | AT8: =AS8 -> 0 | ... DD8: =DC8 -> 0
I9: 0 | J9: 0 | K9: 0 | L9: 0 | M9: 0 | N9: 0 | O9: 0 | P9: 0 | Q9: 0 | R9: 0 | S9: =R9+1/20 -> 0.05 | T9: =S9+1/20 -> 0.1 | U9: =T9+1/20 -> 0.15 | V9: =U9+1/20 -> 0.2 | W9: =V9+1/20 -> 0.25 | X9: =W9+1/20 -> 0.3 | Y9: =X9+1/20 -> 0.35 | Z9: =Y9+1/20 -> 0.4 | ... AK9: =AJ9+1/20 -> 0.95 | AL9: 1 | AM9: =AL9 -> 1 | AN9: =AM9 -> 1 | AO9: =AN9 -> 1 | AP9: =AO9 -> 1 | AQ9: =AP9 -> 1 | AR9: =AQ9 -> 1 | AS9: =AR9 -> 1 | AT9: =AS9 -> 1 | ... DD9: =DC9 -> 1
A12: Tenor | I12: 1 | J12: 2 | K12: 3 | L12: 4 | M12: 5 | N12: 6 | O12: 7 | P12: 8 | Q12: 9 | R12: 10 | S12: 11 | T12: 12 | U12: 13 | V12: 14 | W12: 15 | X12: 16 | Y12: 17 | Z12: 18 | AA12: 19 | AB12: 20 | AC12: 21 | AD12: 22 | AE12: 23 | AF12: 24 | AG12: 25 | AH12: 26 | AI12: 27 | AJ12: 28 | AK12: 29 | AL12: 30 | AM12: 31 | AN12: 32 | AO12: 33 | AP12: 34 | AQ12: 35 | AR12: 36 | AS12: 37 | AT12: 38 | AU12: 39 | AV12: 40 | AW12: 41 | AX12: 42 | AY12: 43 | AZ12: 44 | BA12: 45 | BB12: 46 | BC12: 47 | BD12: 48 | BE12: 49 | BF12: 50 | BG12: 51 | BH12: 52 | BI12: 53 | BJ12: 54 | BK12: 55 | BL12: 56 | BM12: 57 | BN12: 58 | BO12: 59 | BP12: 60 | BQ12: 61 | BR12: 62 | BS12: 63 | BT12: 64 | BU12: 65 | BV12: 66 | BW12: 67 | BX12: 68 | BY12: 69 | BZ12: 70 | CA12: 71 | CB12: 72 | CC12: 73 | CD12: 74 | CE12: 75 | CF12: 76 | CG12: 77 | CH12: 78 | CI12: 79 | CJ12: 80 | CK12: 81 | CL12: 82 | CM12: 83 | CN12: 84 | CO12: 85 | CP12: 86 | CQ12: 87 | CR12: 88 | CS12: 89 | CT12: 90 | CU12: 91 | CV12: 92 | CW12: 93 | CX12: 94 | CY12: 95 | CZ12: 96 | DA12: 97 | DB12: 98 | DC12: 99 | DD12: 100
A13: Year | B13: Scenario # | C13: Month | D13: Time | E13: Adj Short | F13: Adj Med | G13: Adj Long | H13: LookupKey | I13: Forward spot curves
A14: =CEILING(D14/12,1) -> 0 | B14: 0 | C14: =MOD(D14-1,12)+1 -> 12 | D14: 0 | E14: 0 | F14: 0 | G14: 0 | H14: =B14*10000+D14 -> 0 | I14: =IFERROR(PRODUCT(INDEX($I$4:$DD$4,,$A14+1):INDEX($I$4:$DD$4,,I$1+$A14))^(1/I$1)-1,I13) -> 0.044490912 | J14: =IFERROR(PRODUCT(INDEX($I$4:$DD$4,,$A14+1):INDEX($I$4:$DD$4,,J$1+$A14))^(1/J$1)-1,J13) -> 0.043834498 | K14: =IFERROR(PRODUCT(INDEX($I$4:$DD$4,,$A14+1):INDEX($I$4:$DD$4,,K$1+$A14))^(1/K$1)-1,K13) -> 0.041829148 | L14: =IFERROR(PRODUCT(INDEX($I$4:$DD$4,,$A14+1):INDEX($I$4:$DD$4,,L$1+$A14))^(1/L$1)-1,L13) -> 0.04063536 | M14: =IFERROR(PRODUCT(INDEX($I$4:$DD$4,,$A14+1):INDEX($I$4:$DD$4,,M$1+$A14))^(1/M$1)-1,M13) -> 0.039398721 | N14: =IFERROR(PRODUCT(INDEX($I$4:$DD$4,,$A14+1):INDEX($I$4:$DD$4,,N$1+$A14))^(1/N$1)-1,N13) -> 0.038681191 | O14: =IFERROR(PRODUCT(INDEX($I$4:$DD$4,,$A14+1):INDEX($I$4:$DD$4,,O$1+$A14))^(1/O$1)-1,O13) -> 0.037930662 | P14: =IFERROR(PRODUCT(INDEX($I$4:$DD$4,,$A14+1):INDEX($I$4:$DD$4,,P$1+$A14))^(1/P$1)-1,P13) -> 0.037522551 | ... DD14: =IFERROR(PRODUCT(INDEX($I$4:$DD$4,,$A14+1):INDEX($I$4:$DD$4,,DD$1+$A14))^(1/DD$1)-1,DD13) -> 0.0387163
A15: =CEILING(D15/12,1) -> 1 | B15: 0 | C15: 12 | D15: 12 | E15: 0 | F15: 0 | G15: 0 | H15: =B15*10000+D15 -> 12 | I15: =IFERROR(PRODUCT(INDEX($I$4:$DD$4,,$A15+1):INDEX($I$4:$DD$4,,I$1+$A15))^(1/I$1)-1,I14) -> 0.043178496 | J15: =IFERROR(PRODUCT(INDEX($I$4:$DD$4,,$A15+1):INDEX($I$4:$DD$4,,J$1+$A15))^(1/J$1)-1,J14) -> 0.04050081 | K15: =IFERROR(PRODUCT(INDEX($I$4:$DD$4,,$A15+1):INDEX($I$4:$DD$4,,K$1+$A15))^(1/K$1)-1,K14) -> 0.039353342 | L15: =IFERROR(PRODUCT(INDEX($I$4:$DD$4,,$A15+1):INDEX($I$4:$DD$4,,L$1+$A15))^(1/L$1)-1,L14) -> 0.038129557 | M15: =IFERROR(PRODUCT(INDEX($I$4:$DD$4,,$A15+1):INDEX($I$4:$DD$4,,M$1+$A15))^(1/M$1)-1,M14) -> 0.037523131 | N15: =IFERROR(PRODUCT(INDEX($I$4:$DD$4,,$A15+1):INDEX($I$4:$DD$4,,N$1+$A15))^(1/N$1)-1,N14) -> 0.036841299 | O15: =IFERROR(PRODUCT(INDEX($I$4:$DD$4,,$A15+1):INDEX($I$4:$DD$4,,O$1+$A15))^(1/O$1)-1,O14) -> 0.036530873 | P15: =IFERROR(PRODUCT(INDEX($I$4:$DD$4,,$A15+1):INDEX($I$4:$DD$4,,P$1+$A15))^(1/P$1)-1,P14) -> 0.036167787 | ... DD15: =IFERROR(PRODUCT(INDEX($I$4:$DD$4,,$A15+1):INDEX($I$4:$DD$4,,DD$1+$A15))^(1/DD$1)-1,DD14) -> 0.0387163
A16: =A15+1 -> 2 | B16: 0 | C16: 12 | D16: =D15+12 -> 24 | E16: 0 | F16: 0 | G16: 0 | H16: =B16*10000+D16 -> 24 | I16: =IFERROR(PRODUCT(INDEX($I$4:$DD$4,,$A16+1):INDEX($I$4:$DD$4,,I$1+$A16))^(1/I$1)-1,I15) -> 0.037829998 | J16: =IFERROR(PRODUCT(INDEX($I$4:$DD$4,,$A16+1):INDEX($I$4:$DD$4,,J$1+$A16))^(1/J$1)-1,J15) -> 0.037446027 | K16: =IFERROR(PRODUCT(INDEX($I$4:$DD$4,,$A16+1):INDEX($I$4:$DD$4,,K$1+$A16))^(1/K$1)-1,K15) -> 0.036452014 | L16: =IFERROR(PRODUCT(INDEX($I$4:$DD$4,,$A16+1):INDEX($I$4:$DD$4,,L$1+$A16))^(1/L$1)-1,L15) -> 0.036114086 | M16: =IFERROR(PRODUCT(INDEX($I$4:$DD$4,,$A16+1):INDEX($I$4:$DD$4,,M$1+$A16))^(1/M$1)-1,M15) -> 0.035578487 | N16: =IFERROR(PRODUCT(INDEX($I$4:$DD$4,,$A16+1):INDEX($I$4:$DD$4,,N$1+$A16))^(1/N$1)-1,N15) -> 0.035427062 | O16: =IFERROR(PRODUCT(INDEX($I$4:$DD$4,,$A16+1):INDEX($I$4:$DD$4,,O$1+$A16))^(1/O$1)-1,O15) -> 0.035170111 | P16: =IFERROR(PRODUCT(INDEX($I$4:$DD$4,,$A16+1):INDEX($I$4:$DD$4,,P$1+$A16))^(1/P$1)-1,P15) -> 0.034841882 | ... DD16: =IFERROR(PRODUCT(INDEX($I$4:$DD$4,,$A16+1):INDEX($I$4:$DD$4,,DD$1+$A16))^(1/DD$1)-1,DD15) -> 0.0387163
A17: =A16+1 -> 3 | B17: 0 | C17: 12 | D17: =D16+12 -> 36 | E17: 0 | F17: 0 | G17: 0 | H17: =B17*10000+D17 -> 36 | I17: =IFERROR(PRODUCT(INDEX($I$4:$DD$4,,$A17+1):INDEX($I$4:$DD$4,,I$1+$A17))^(1/I$1)-1,I16) -> 0.037062199 | J17: =IFERROR(PRODUCT(INDEX($I$4:$DD$4,,$A17+1):INDEX($I$4:$DD$4,,J$1+$A17))^(1/J$1)-1,J16) -> 0.035763708 | K17: =IFERROR(PRODUCT(INDEX($I$4:$DD$4,,$A17+1):INDEX($I$4:$DD$4,,K$1+$A17))^(1/K$1)-1,K16) -> 0.035542746 | L17: =IFERROR(PRODUCT(INDEX($I$4:$DD$4,,$A17+1):INDEX($I$4:$DD$4,,L$1+$A17))^(1/L$1)-1,L16) -> 0.035016373 | M17: =IFERROR(PRODUCT(INDEX($I$4:$DD$4,,$A17+1):INDEX($I$4:$DD$4,,M$1+$A17))^(1/M$1)-1,M16) -> 0.034947143 | N17: =IFERROR(PRODUCT(INDEX($I$4:$DD$4,,$A17+1):INDEX($I$4:$DD$4,,N$1+$A17))^(1/N$1)-1,N16) -> 0.03472746 | O17: =IFERROR(PRODUCT(INDEX($I$4:$DD$4,,$A17+1):INDEX($I$4:$DD$4,,O$1+$A17))^(1/O$1)-1,O16) -> 0.034415712 | P17: =IFERROR(PRODUCT(INDEX($I$4:$DD$4,,$A17+1):INDEX($I$4:$DD$4,,P$1+$A17))^(1/P$1)-1,P16) -> 0.034473329 | ... DD17: =IFERROR(PRODUCT(INDEX($I$4:$DD$4,,$A17+1):INDEX($I$4:$DD$4,,DD$1+$A17))^(1/DD$1)-1,DD16) -> 0.0387163
A18: =A17+1 -> 4 | B18: 0 | C18: 12 | D18: =D17+12 -> 48 | E18: 0 | F18: 0 | G18: 0 | H18: =B18*10000+D18 -> 48 | I18: =IFERROR(PRODUCT(INDEX($I$4:$DD$4,,$A18+1):INDEX($I$4:$DD$4,,I$1+$A18))^(1/I$1)-1,I17) -> 0.034466842 | J18: =IFERROR(PRODUCT(INDEX($I$4:$DD$4,,$A18+1):INDEX($I$4:$DD$4,,J$1+$A18))^(1/J$1)-1,J17) -> 0.034783855 | K18: =IFERROR(PRODUCT(INDEX($I$4:$DD$4,,$A18+1):INDEX($I$4:$DD$4,,K$1+$A18))^(1/K$1)-1,K17) -> 0.034335329 | L18: =IFERROR(PRODUCT(INDEX($I$4:$DD$4,,$A18+1):INDEX($I$4:$DD$4,,L$1+$A18))^(1/L$1)-1,L17) -> 0.034419053 | M18: =IFERROR(PRODUCT(INDEX($I$4:$DD$4,,$A18+1):INDEX($I$4:$DD$4,,M$1+$A18))^(1/M$1)-1,M17) -> 0.034261143 | N18: =IFERROR(PRODUCT(INDEX($I$4:$DD$4,,$A18+1):INDEX($I$4:$DD$4,,N$1+$A18))^(1/N$1)-1,N17) -> 0.033975288 | O18: =IFERROR(PRODUCT(INDEX($I$4:$DD$4,,$A18+1):INDEX($I$4:$DD$4,,O$1+$A18))^(1/O$1)-1,O17) -> 0.034104019 | P18: =IFERROR(PRODUCT(INDEX($I$4:$DD$4,,$A18+1):INDEX($I$4:$DD$4,,P$1+$A18))^(1/P$1)-1,P17) -> 0.034136237 | ... DD18: =IFERROR(PRODUCT(INDEX($I$4:$DD$4,,$A18+1):INDEX($I$4:$DD$4,,DD$1+$A18))^(1/DD$1)-1,DD17) -> 0.0387163
A19: =A18+1 -> 5 | B19: 0 | C19: 12 | D19: =D18+12 -> 60 | E19: 0 | F19: 0 | G19: 0 | H19: =B19*10000+D19 -> 60 | I19: =IFERROR(PRODUCT(INDEX($I$4:$DD$4,,$A19+1):INDEX($I$4:$DD$4,,I$1+$A19))^(1/I$1)-1,I18) -> 0.035100965 | J19: =IFERROR(PRODUCT(INDEX($I$4:$DD$4,,$A19+1):INDEX($I$4:$DD$4,,J$1+$A19))^(1/J$1)-1,J18) -> 0.034269578 | K19: =IFERROR(PRODUCT(INDEX($I$4:$DD$4,,$A19+1):INDEX($I$4:$DD$4,,K$1+$A19))^(1/K$1)-1,K18) -> 0.034403124 | L19: =IFERROR(PRODUCT(INDEX($I$4:$DD$4,,$A19+1):INDEX($I$4:$DD$4,,L$1+$A19))^(1/L$1)-1,L18) -> 0.034209724 | M19: =IFERROR(PRODUCT(INDEX($I$4:$DD$4,,$A19+1):INDEX($I$4:$DD$4,,M$1+$A19))^(1/M$1)-1,M18) -> 0.033877005 | N19: =IFERROR(PRODUCT(INDEX($I$4:$DD$4,,$A19+1):INDEX($I$4:$DD$4,,N$1+$A19))^(1/N$1)-1,N18) -> 0.034043561 | O19: =IFERROR(PRODUCT(INDEX($I$4:$DD$4,,$A19+1):INDEX($I$4:$DD$4,,O$1+$A19))^(1/O$1)-1,O18) -> 0.034089017 | P19: =IFERROR(PRODUCT(INDEX($I$4:$DD$4,,$A19+1):INDEX($I$4:$DD$4,,P$1+$A19))^(1/P$1)-1,P18) -> 0.034056389 | ... DD19: =IFERROR(PRODUCT(INDEX($I$4:$DD$4,,$A19+1):INDEX($I$4:$DD$4,,DD$1+$A19))^(1/DD$1)-1,DD18) -> 0.0387163
A20: =A19+1 -> 6 | B20: 0 | C20: 12 | D20: =D19+12 -> 72 | E20: 0 | F20: 0 | G20: 0 | H20: =B20*10000+D20 -> 72 | I20: =IFERROR(PRODUCT(INDEX($I$4:$DD$4,,$A20+1):INDEX($I$4:$DD$4,,I$1+$A20))^(1/I$1)-1,I19) -> 0.033438859 | J20: =IFERROR(PRODUCT(INDEX($I$4:$DD$4,,$A20+1):INDEX($I$4:$DD$4,,J$1+$A20))^(1/J$1)-1,J19) -> 0.03405438 | K20: =IFERROR(PRODUCT(INDEX($I$4:$DD$4,,$A20+1):INDEX($I$4:$DD$4,,K$1+$A20))^(1/K$1)-1,K19) -> 0.033912815 | L20: =IFERROR(PRODUCT(INDEX($I$4:$DD$4,,$A20+1):INDEX($I$4:$DD$4,,L$1+$A20))^(1/L$1)-1,L19) -> 0.033571241 | M20: =IFERROR(PRODUCT(INDEX($I$4:$DD$4,,$A20+1):INDEX($I$4:$DD$4,,M$1+$A20))^(1/M$1)-1,M19) -> 0.033832209 | N20: =IFERROR(PRODUCT(INDEX($I$4:$DD$4,,$A20+1):INDEX($I$4:$DD$4,,N$1+$A20))^(1/N$1)-1,N19) -> 0.033920455 | O20: =IFERROR(PRODUCT(INDEX($I$4:$DD$4,,$A20+1):INDEX($I$4:$DD$4,,O$1+$A20))^(1/O$1)-1,O19) -> 0.03390725 | P20: =IFERROR(PRODUCT(INDEX($I$4:$DD$4,,$A20+1):INDEX($I$4:$DD$4,,P$1+$A20))^(1/P$1)-1,P19) -> 0.033828941 | ... DD20: =IFERROR(PRODUCT(INDEX($I$4:$DD$4,,$A20+1):INDEX($I$4:$DD$4,,DD$1+$A20))^(1/DD$1)-1,DD19) -> 0.0387163
A21: =A20+1 -> 7 | B21: 0 | C21: 12 | D21: =D20+12 -> 84 | E21: 0 | F21: 0 | G21: 0 | H21: =B21*10000+D21 -> 84 | I21: =IFERROR(PRODUCT(INDEX($I$4:$DD$4,,$A21+1):INDEX($I$4:$DD$4,,I$1+$A21))^(1/I$1)-1,I20) -> 0.034670267 | J21: =IFERROR(PRODUCT(INDEX($I$4:$DD$4,,$A21+1):INDEX($I$4:$DD$4,,J$1+$A21))^(1/J$1)-1,J20) -> 0.034149874 | K21: =IFERROR(PRODUCT(INDEX($I$4:$DD$4,,$A21+1):INDEX($I$4:$DD$4,,K$1+$A21))^(1/K$1)-1,K20) -> 0.033615372 | L21: =IFERROR(PRODUCT(INDEX($I$4:$DD$4,,$A21+1):INDEX($I$4:$DD$4,,L$1+$A21))^(1/L$1)-1,L20) -> 0.03393057 | M21: =IFERROR(PRODUCT(INDEX($I$4:$DD$4,,$A21+1):INDEX($I$4:$DD$4,,M$1+$A21))^(1/M$1)-1,M20) -> 0.034016801 | N21: =IFERROR(PRODUCT(INDEX($I$4:$DD$4,,$A21+1):INDEX($I$4:$DD$4,,N$1+$A21))^(1/N$1)-1,N20) -> 0.033985336 | O21: =IFERROR(PRODUCT(INDEX($I$4:$DD$4,,$A21+1):INDEX($I$4:$DD$4,,O$1+$A21))^(1/O$1)-1,O20) -> 0.03388468 | P21: =IFERROR(PRODUCT(INDEX($I$4:$DD$4,,$A21+1):INDEX($I$4:$DD$4,,P$1+$A21))^(1/P$1)-1,P20) -> 0.033739668 | ... DD21: =IFERROR(PRODUCT(INDEX($I$4:$DD$4,,$A21+1):INDEX($I$4:$DD$4,,DD$1+$A21))^(1/DD$1)-1,DD20) -> 0.0387163
A22: =A21+1 -> 8 | B22: 0 | C22: 12 | D22: =D21+12 -> 96 | E22: 0 | F22: 0 | G22: 0 | H22: =B22*10000+D22 -> 96 | I22: =IFERROR(PRODUCT(INDEX($I$4:$DD$4,,$A22+1):INDEX($I$4:$DD$4,,I$1+$A22))^(1/I$1)-1,I21) -> 0.033629743 | J22: =IFERROR(PRODUCT(INDEX($I$4:$DD$4,,$A22+1):INDEX($I$4:$DD$4,,J$1+$A22))^(1/J$1)-1,J21) -> 0.033088328 | K22: =IFERROR(PRODUCT(INDEX($I$4:$DD$4,,$A22+1):INDEX($I$4:$DD$4,,K$1+$A22))^(1/K$1)-1,K21) -> 0.033684122 | L22: =IFERROR(PRODUCT(INDEX($I$4:$DD$4,,$A22+1):INDEX($I$4:$DD$4,,L$1+$A22))^(1/L$1)-1,L21) -> 0.033853499 | M22: =IFERROR(PRODUCT(INDEX($I$4:$DD$4,,$A22+1):INDEX($I$4:$DD$4,,M$1+$A22))^(1/M$1)-1,M21) -> 0.033848404 | N22: =IFERROR(PRODUCT(INDEX($I$4:$DD$4,,$A22+1):INDEX($I$4:$DD$4,,N$1+$A22))^(1/N$1)-1,N21) -> 0.033753806 | O22: =IFERROR(PRODUCT(INDEX($I$4:$DD$4,,$A22+1):INDEX($I$4:$DD$4,,O$1+$A22))^(1/O$1)-1,O21) -> 0.033606793 | P22: =IFERROR(PRODUCT(INDEX($I$4:$DD$4,,$A22+1):INDEX($I$4:$DD$4,,P$1+$A22))^(1/P$1)-1,P21) -> 0.033426387 | ... DD22: =IFERROR(PRODUCT(INDEX($I$4:$DD$4,,$A22+1):INDEX($I$4:$DD$4,,DD$1+$A22))^(1/DD$1)-1,DD21) -> 0.0387163
A23: =A22+1 -> 9 | B23: 0 | C23: 12 | D23: =D22+12 -> 108 | E23: 0 | F23: 0 | G23: 0 | H23: =B23*10000+D23 -> 108 | I23: =IFERROR(PRODUCT(INDEX($I$4:$DD$4,,$A23+1):INDEX($I$4:$DD$4,,I$1+$A23))^(1/I$1)-1,I22) -> 0.032547196 | J23: =IFERROR(PRODUCT(INDEX($I$4:$DD$4,,$A23+1):INDEX($I$4:$DD$4,,J$1+$A23))^(1/J$1)-1,J22) -> 0.033711313 | K23: =IFERROR(PRODUCT(INDEX($I$4:$DD$4,,$A23+1):INDEX($I$4:$DD$4,,K$1+$A23))^(1/K$1)-1,K22) -> 0.033928095 | L23: =IFERROR(PRODUCT(INDEX($I$4:$DD$4,,$A23+1):INDEX($I$4:$DD$4,,L$1+$A23))^(1/L$1)-1,L22) -> 0.033903076 | M23: =IFERROR(PRODUCT(INDEX($I$4:$DD$4,,$A23+1):INDEX($I$4:$DD$4,,M$1+$A23))^(1/M$1)-1,M22) -> 0.033778621 | N23: =IFERROR(PRODUCT(INDEX($I$4:$DD$4,,$A23+1):INDEX($I$4:$DD$4,,N$1+$A23))^(1/N$1)-1,N22) -> 0.033602968 | O23: =IFERROR(PRODUCT(INDEX($I$4:$DD$4,,$A23+1):INDEX($I$4:$DD$4,,O$1+$A23))^(1/O$1)-1,O22) -> 0.03339734 | P23: =IFERROR(PRODUCT(INDEX($I$4:$DD$4,,$A23+1):INDEX($I$4:$DD$4,,P$1+$A23))^(1/P$1)-1,P22) -> 0.033172735 | ... DD23: =IFERROR(PRODUCT(INDEX($I$4:$DD$4,,$A23+1):INDEX($I$4:$DD$4,,DD$1+$A23))^(1/DD$1)-1,DD22) -> 0.0387163
A24: =A23+1 -> 10 | B24: 0 | C24: 12 | D24: =D23+12 -> 120 | E24: 0 | F24: 0 | G24: 0 | H24: =B24*10000+D24 -> 120 | I24: =IFERROR(PRODUCT(INDEX($I$4:$DD$4,,$A24+1):INDEX($I$4:$DD$4,,I$1+$A24))^(1/I$1)-1,I23) -> 0.034876743 | J24: =IFERROR(PRODUCT(INDEX($I$4:$DD$4,,$A24+1):INDEX($I$4:$DD$4,,J$1+$A24))^(1/J$1)-1,J23) -> 0.034619237 | K24: =IFERROR(PRODUCT(INDEX($I$4:$DD$4,,$A24+1):INDEX($I$4:$DD$4,,K$1+$A24))^(1/K$1)-1,K23) -> 0.034355432 | L24: =IFERROR(PRODUCT(INDEX($I$4:$DD$4,,$A24+1):INDEX($I$4:$DD$4,,L$1+$A24))^(1/L$1)-1,L23) -> 0.034086706 | M24: =IFERROR(PRODUCT(INDEX($I$4:$DD$4,,$A24+1):INDEX($I$4:$DD$4,,M$1+$A24))^(1/M$1)-1,M23) -> 0.033814252 | N24: =IFERROR(PRODUCT(INDEX($I$4:$DD$4,,$A24+1):INDEX($I$4:$DD$4,,N$1+$A24))^(1/N$1)-1,N23) -> 0.033539098 | O24: =IFERROR(PRODUCT(INDEX($I$4:$DD$4,,$A24+1):INDEX($I$4:$DD$4,,O$1+$A24))^(1/O$1)-1,O23) -> 0.033262128 | P24: =IFERROR(PRODUCT(INDEX($I$4:$DD$4,,$A24+1):INDEX($I$4:$DD$4,,P$1+$A24))^(1/P$1)-1,P23) -> 0.032984098 | ... DD24: =IFERROR(PRODUCT(INDEX($I$4:$DD$4,,$A24+1):INDEX($I$4:$DD$4,,DD$1+$A24))^(1/DD$1)-1,DD23) -> 0.0387163
A25: =A24+1 -> 11 | B25: 0 | C25: 12 | D25: =D24+12 -> 132 | E25: 0 | F25: 0 | G25: 0 | H25: =B25*10000+D25 -> 132 | I25: =IFERROR(PRODUCT(INDEX($I$4:$DD$4,,$A25+1):INDEX($I$4:$DD$4,,I$1+$A25))^(1/I$1)-1,I24) -> 0.034361794 | J25: =IFERROR(PRODUCT(INDEX($I$4:$DD$4,,$A25+1):INDEX($I$4:$DD$4,,J$1+$A25))^(1/J$1)-1,J24) -> 0.034094875 | K25: =IFERROR(PRODUCT(INDEX($I$4:$DD$4,,$A25+1):INDEX($I$4:$DD$4,,K$1+$A25))^(1/K$1)-1,K24) -> 0.033823495 | L25: =IFERROR(PRODUCT(INDEX($I$4:$DD$4,,$A25+1):INDEX($I$4:$DD$4,,L$1+$A25))^(1/L$1)-1,L24) -> 0.0335488 | M25: =IFERROR(PRODUCT(INDEX($I$4:$DD$4,,$A25+1):INDEX($I$4:$DD$4,,M$1+$A25))^(1/M$1)-1,M24) -> 0.033271777 | N25: =IFERROR(PRODUCT(INDEX($I$4:$DD$4,,$A25+1):INDEX($I$4:$DD$4,,N$1+$A25))^(1/N$1)-1,N24) -> 0.032993271 | O25: =IFERROR(PRODUCT(INDEX($I$4:$DD$4,,$A25+1):INDEX($I$4:$DD$4,,O$1+$A25))^(1/O$1)-1,O24) -> 0.032714003 | P25: =IFERROR(PRODUCT(INDEX($I$4:$DD$4,,$A25+1):INDEX($I$4:$DD$4,,P$1+$A25))^(1/P$1)-1,P24) -> 0.032434581 | ... DD25: =IFERROR(PRODUCT(INDEX($I$4:$DD$4,,$A25+1):INDEX($I$4:$DD$4,,DD$1+$A25))^(1/DD$1)-1,DD24) -> 0.0387163
A26: =A25+1 -> 12 | B26: 0 | C26: 12 | D26: =D25+12 -> 144 | E26: 0 | F26: 0 | G26: 0 | H26: =B26*10000+D26 -> 144 | I26: =IFERROR(PRODUCT(INDEX($I$4:$DD$4,,$A26+1):INDEX($I$4:$DD$4,,I$1+$A26))^(1/I$1)-1,I25) -> 0.033828024 | J26: =IFERROR(PRODUCT(INDEX($I$4:$DD$4,,$A26+1):INDEX($I$4:$DD$4,,J$1+$A26))^(1/J$1)-1,J25) -> 0.03355445 | K26: =IFERROR(PRODUCT(INDEX($I$4:$DD$4,,$A26+1):INDEX($I$4:$DD$4,,K$1+$A26))^(1/K$1)-1,K25) -> 0.033277944 | L26: =IFERROR(PRODUCT(INDEX($I$4:$DD$4,,$A26+1):INDEX($I$4:$DD$4,,L$1+$A26))^(1/L$1)-1,L25) -> 0.032999452 | M26: =IFERROR(PRODUCT(INDEX($I$4:$DD$4,,$A26+1):INDEX($I$4:$DD$4,,M$1+$A26))^(1/M$1)-1,M25) -> 0.032719783 | N26: =IFERROR(PRODUCT(INDEX($I$4:$DD$4,,$A26+1):INDEX($I$4:$DD$4,,N$1+$A26))^(1/N$1)-1,N25) -> 0.032439626 | O26: =IFERROR(PRODUCT(INDEX($I$4:$DD$4,,$A26+1):INDEX($I$4:$DD$4,,O$1+$A26))^(1/O$1)-1,O25) -> 0.032159558 | P26: =IFERROR(PRODUCT(INDEX($I$4:$DD$4,,$A26+1):INDEX($I$4:$DD$4,,P$1+$A26))^(1/P$1)-1,P25) -> 0.031880062 | ... DD26: =IFERROR(PRODUCT(INDEX($I$4:$DD$4,,$A26+1):INDEX($I$4:$DD$4,,DD$1+$A26))^(1/DD$1)-1,DD25) -> 0.0387163
A27: =A26+1 -> 13 | B27: 0 | C27: 12 | D27: =D26+12 -> 156 | E27: 0 | F27: 0 | G27: 0 | H27: =B27*10000+D27 -> 156 | I27: =IFERROR(PRODUCT(INDEX($I$4:$DD$4,,$A27+1):INDEX($I$4:$DD$4,,I$1+$A27))^(1/I$1)-1,I26) -> 0.033280949 | J27: =IFERROR(PRODUCT(INDEX($I$4:$DD$4,,$A27+1):INDEX($I$4:$DD$4,,J$1+$A27))^(1/J$1)-1,J26) -> 0.033003014 | K27: =IFERROR(PRODUCT(INDEX($I$4:$DD$4,,$A27+1):INDEX($I$4:$DD$4,,K$1+$A27))^(1/K$1)-1,K26) -> 0.032723409 | L27: =IFERROR(PRODUCT(INDEX($I$4:$DD$4,,$A27+1):INDEX($I$4:$DD$4,,L$1+$A27))^(1/L$1)-1,L26) -> 0.032442909 | M27: =IFERROR(PRODUCT(INDEX($I$4:$DD$4,,$A27+1):INDEX($I$4:$DD$4,,M$1+$A27))^(1/M$1)-1,M26) -> 0.03216217 | N27: =IFERROR(PRODUCT(INDEX($I$4:$DD$4,,$A27+1):INDEX($I$4:$DD$4,,N$1+$A27))^(1/N$1)-1,N26) -> 0.031881742 | O27: =IFERROR(PRODUCT(INDEX($I$4:$DD$4,,$A27+1):INDEX($I$4:$DD$4,,O$1+$A27))^(1/O$1)-1,O26) -> 0.031602081 | P27: =IFERROR(PRODUCT(INDEX($I$4:$DD$4,,$A27+1):INDEX($I$4:$DD$4,,P$1+$A27))^(1/P$1)-1,P26) -> 0.030885291 | ... DD27: =IFERROR(PRODUCT(INDEX($I$4:$DD$4,,$A27+1):INDEX($I$4:$DD$4,,DD$1+$A27))^(1/DD$1)-1,DD26) -> 0.0387163
... A114: =A113+1 -> 100 | B114: 0 | C114: 12 | D114: =D113+12 -> 1200 | E114: 0 | F114: 0 | G114: 0 | H114: =B114*10000+D114 -> 1200 | I114: =IFERROR(PRODUCT(INDEX($I$4:$DD$4,,$A114+1):INDEX($I$4:$DD$4,,I$1+$A114))^(1/I$1)-1,I113) -> 0.042 | J114: =IFERROR(PRODUCT(INDEX($I$4:$DD$4,,$A114+1):INDEX($I$4:$DD$4,,J$1+$A114))^(1/J$1)-1,J113) -> 0.042 | K114: =IFERROR(PRODUCT(INDEX($I$4:$DD$4,,$A114+1):INDEX($I$4:$DD$4,,K$1+$A114))^(1/K$1)-1,K113) -> 0.042 | L114: =IFERROR(PRODUCT(INDEX($I$4:$DD$4,,$A114+1):INDEX($I$4:$DD$4,,L$1+$A114))^(1/L$1)-1,L113) -> 0.042 | M114: =IFERROR(PRODUCT(INDEX($I$4:$DD$4,,$A114+1):INDEX($I$4:$DD$4,,M$1+$A114))^(1/M$1)-1,M113) -> 0.042 | N114: =IFERROR(PRODUCT(INDEX($I$4:$DD$4,,$A114+1):INDEX($I$4:$DD$4,,N$1+$A114))^(1/N$1)-1,N113) -> 0.042 | O114: =IFERROR(PRODUCT(INDEX($I$4:$DD$4,,$A114+1):INDEX($I$4:$DD$4,,O$1+$A114))^(1/O$1)-1,O113) -> 0.042 | P114: =IFERROR(PRODUCT(INDEX($I$4:$DD$4,,$A114+1):INDEX($I$4:$DD$4,,P$1+$A114))^(1/P$1)-1,P113) -> 0.042 | ... DD114: =IFERROR(PRODUCT(INDEX($I$4:$DD$4,,$A114+1):INDEX($I$4:$DD$4,,DD$1+$A114))^(1/DD$1)-1,DD113) -> 0.0387163
A115: =A14 -> 0 | B115: =B14+1 -> 1 | C115: =C14 -> 12 | D115: =D14 -> 0 | E115: 0 | F115: 0 | G115: 0 | H115: =B115*10000+D115 -> 10000 | I115: {=INDEX(I$14:I$114,$A115+1)+SUMPRODUCT(TRANSPOSE($E115:$G115),I$7:I$9)} -> 0.044490912 | J115: {=INDEX(J$14:J$114,$A115+1)+SUMPRODUCT(TRANSPOSE($E115:$G115),J$7:J$9)} -> 0.043834498 | K115: {=INDEX(K$14:K$114,$A115+1)+SUMPRODUCT(TRANSPOSE($E115:$G115),K$7:K$9)} -> 0.041829148 | L115: {=INDEX(L$14:L$114,$A115+1)+SUMPRODUCT(TRANSPOSE($E115:$G115),L$7:L$9)} -> 0.04063536 | M115: {=INDEX(M$14:M$114,$A115+1)+SUMPRODUCT(TRANSPOSE($E115:$G115),M$7:M$9)} -> 0.039398721 | N115: {=INDEX(N$14:N$114,$A115+1)+SUMPRODUCT(TRANSPOSE($E115:$G115),N$7:N$9)} -> 0.038681191 | O115: {=INDEX(O$14:O$114,$A115+1)+SUMPRODUCT(TRANSPOSE($E115:$G115),O$7:O$9)} -> 0.037930662 | P115: {=INDEX(P$14:P$114,$A115+1)+SUMPRODUCT(TRANSPOSE($E115:$G115),P$7:P$9)} -> 0.037522551 | ... DD115: {=INDEX(DD$14:DD$114,$A115+1)+SUMPRODUCT(TRANSPOSE($E115:$G115),DD$7:DD$9)} -> 0.0387163
A116: =A15 -> 1 | B116: =B15+1 -> 1 | C116: =C15 -> 12 | D116: =D15 -> 12 | E116: =E115-0.0015 -> -0.0015 | F116: =F115-0.0015 -> -0.0015 | G116: =G115-0.0015 -> -0.0015 | H116: =B116*10000+D116 -> 10012 | I116: {=INDEX(I$14:I$114,$A116+1)+SUMPRODUCT(TRANSPOSE($E116:$G116),I$7:I$9)} -> 0.041678496 | J116: {=INDEX(J$14:J$114,$A116+1)+SUMPRODUCT(TRANSPOSE($E116:$G116),J$7:J$9)} -> 0.03900081 | K116: {=INDEX(K$14:K$114,$A116+1)+SUMPRODUCT(TRANSPOSE($E116:$G116),K$7:K$9)} -> 0.037853342 | L116: {=INDEX(L$14:L$114,$A116+1)+SUMPRODUCT(TRANSPOSE($E116:$G116),L$7:L$9)} -> 0.036629557 | M116: {=INDEX(M$14:M$114,$A116+1)+SUMPRODUCT(TRANSPOSE($E116:$G116),M$7:M$9)} -> 0.036023131 | N116: {=INDEX(N$14:N$114,$A116+1)+SUMPRODUCT(TRANSPOSE($E116:$G116),N$7:N$9)} -> 0.035341299 | O116: {=INDEX(O$14:O$114,$A116+1)+SUMPRODUCT(TRANSPOSE($E116:$G116),O$7:O$9)} -> 0.035030873 | P116: {=INDEX(P$14:P$114,$A116+1)+SUMPRODUCT(TRANSPOSE($E116:$G116),P$7:P$9)} -> 0.034667787 | ... DD116: {=INDEX(DD$14:DD$114,$A116+1)+SUMPRODUCT(TRANSPOSE($E116:$G116),DD$7:DD$9)} -> 0.0372163
A117: =A16 -> 2 | B117: =B16+1 -> 1 | C117: =C16 -> 12 | D117: =D16 -> 24 | E117: =E116-0.0015 -> -0.003 | F117: =F116-0.0015 -> -0.003 | G117: =G116-0.0015 -> -0.003 | H117: =B117*10000+D117 -> 10024 | I117: {=INDEX(I$14:I$114,$A117+1)+SUMPRODUCT(TRANSPOSE($E117:$G117),I$7:I$9)} -> 0.034829998 | J117: {=INDEX(J$14:J$114,$A117+1)+SUMPRODUCT(TRANSPOSE($E117:$G117),J$7:J$9)} -> 0.034446027 | K117: {=INDEX(K$14:K$114,$A117+1)+SUMPRODUCT(TRANSPOSE($E117:$G117),K$7:K$9)} -> 0.033452014 | L117: {=INDEX(L$14:L$114,$A117+1)+SUMPRODUCT(TRANSPOSE($E117:$G117),L$7:L$9)} -> 0.033114086 | M117: {=INDEX(M$14:M$114,$A117+1)+SUMPRODUCT(TRANSPOSE($E117:$G117),M$7:M$9)} -> 0.032578487 | N117: {=INDEX(N$14:N$114,$A117+1)+SUMPRODUCT(TRANSPOSE($E117:$G117),N$7:N$9)} -> 0.032427062 | O117: {=INDEX(O$14:O$114,$A117+1)+SUMPRODUCT(TRANSPOSE($E117:$G117),O$7:O$9)} -> 0.032170111 | P117: {=INDEX(P$14:P$114,$A117+1)+SUMPRODUCT(TRANSPOSE($E117:$G117),P$7:P$9)} -> 0.031841882 | ... DD117: {=INDEX(DD$14:DD$114,$A117+1)+SUMPRODUCT(TRANSPOSE($E117:$G117),DD$7:DD$9)} -> 0.0357163
A118: =A17 -> 3 | B118: =B17+1 -> 1 | C118: =C17 -> 12 | D118: =D17 -> 36 | E118: =E117-0.0015 -> -0.0045 | F118: =F117-0.0015 -> -0.0045 | G118: =G117-0.0015 -> -0.0045 | H118: =B118*10000+D118 -> 10036 | I118: {=INDEX(I$14:I$114,$A118+1)+SUMPRODUCT(TRANSPOSE($E118:$G118),I$7:I$9)} -> 0.032562199 | J118: {=INDEX(J$14:J$114,$A118+1)+SUMPRODUCT(TRANSPOSE($E118:$G118),J$7:J$9)} -> 0.031263708 | K118: {=INDEX(K$14:K$114,$A118+1)+SUMPRODUCT(TRANSPOSE($E118:$G118),K$7:K$9)} -> 0.031042746 | L118: {=INDEX(L$14:L$114,$A118+1)+SUMPRODUCT(TRANSPOSE($E118:$G118),L$7:L$9)} -> 0.030516373 | M118: {=INDEX(M$14:M$114,$A118+1)+SUMPRODUCT(TRANSPOSE($E118:$G118),M$7:M$9)} -> 0.030447143 | N118: {=INDEX(N$14:N$114,$A118+1)+SUMPRODUCT(TRANSPOSE($E118:$G118),N$7:N$9)} -> 0.03022746 | O118: {=INDEX(O$14:O$114,$A118+1)+SUMPRODUCT(TRANSPOSE($E118:$G118),O$7:O$9)} -> 0.029915712 | P118: {=INDEX(P$14:P$114,$A118+1)+SUMPRODUCT(TRANSPOSE($E118:$G118),P$7:P$9)} -> 0.029973329 | ... DD118: {=INDEX(DD$14:DD$114,$A118+1)+SUMPRODUCT(TRANSPOSE($E118:$G118),DD$7:DD$9)} -> 0.0342163
A119: =A18 -> 4 | B119: =B18+1 -> 1 | C119: =C18 -> 12 | D119: =D18 -> 48 | E119: =E118-0.0015 -> -0.006 | F119: =F118-0.0015 -> -0.006 | G119: =G118-0.0015 -> -0.006 | H119: =B119*10000+D119 -> 10048 | I119: {=INDEX(I$14:I$114,$A119+1)+SUMPRODUCT(TRANSPOSE($E119:$G119),I$7:I$9)} -> 0.028466842 | J119: {=INDEX(J$14:J$114,$A119+1)+SUMPRODUCT(TRANSPOSE($E119:$G119),J$7:J$9)} -> 0.028783855 | K119: {=INDEX(K$14:K$114,$A119+1)+SUMPRODUCT(TRANSPOSE($E119:$G119),K$7:K$9)} -> 0.028335329 | L119: {=INDEX(L$14:L$114,$A119+1)+SUMPRODUCT(TRANSPOSE($E119:$G119),L$7:L$9)} -> 0.028419053 | M119: {=INDEX(M$14:M$114,$A119+1)+SUMPRODUCT(TRANSPOSE($E119:$G119),M$7:M$9)} -> 0.028261143 | N119: {=INDEX(N$14:N$114,$A119+1)+SUMPRODUCT(TRANSPOSE($E119:$G119),N$7:N$9)} -> 0.027975288 | O119: {=INDEX(O$14:O$114,$A119+1)+SUMPRODUCT(TRANSPOSE($E119:$G119),O$7:O$9)} -> 0.028104019 | P119: {=INDEX(P$14:P$114,$A119+1)+SUMPRODUCT(TRANSPOSE($E119:$G119),P$7:P$9)} -> 0.028136237 | ... DD119: {=INDEX(DD$14:DD$114,$A119+1)+SUMPRODUCT(TRANSPOSE($E119:$G119),DD$7:DD$9)} -> 0.0327163
A120: =A19 -> 5 | B120: =B19+1 -> 1 | C120: =C19 -> 12 | D120: =D19 -> 60 | E120: =E119-0.0015 -> -0.0075 | F120: =F119-0.0015 -> -0.0075 | G120: =G119-0.0015 -> -0.0075 | H120: =B120*10000+D120 -> 10060 | I120: {=INDEX(I$14:I$114,$A120+1)+SUMPRODUCT(TRANSPOSE($E120:$G120),I$7:I$9)} -> 0.027600965 | J120: {=INDEX(J$14:J$114,$A120+1)+SUMPRODUCT(TRANSPOSE($E120:$G120),J$7:J$9)} -> 0.026769578 | K120: {=INDEX(K$14:K$114,$A120+1)+SUMPRODUCT(TRANSPOSE($E120:$G120),K$7:K$9)} -> 0.026903124 | L120: {=INDEX(L$14:L$114,$A120+1)+SUMPRODUCT(TRANSPOSE($E120:$G120),L$7:L$9)} -> 0.026709724 | M120: {=INDEX(M$14:M$114,$A120+1)+SUMPRODUCT(TRANSPOSE($E120:$G120),M$7:M$9)} -> 0.026377005 | N120: {=INDEX(N$14:N$114,$A120+1)+SUMPRODUCT(TRANSPOSE($E120:$G120),N$7:N$9)} -> 0.026543561 | O120: {=INDEX(O$14:O$114,$A120+1)+SUMPRODUCT(TRANSPOSE($E120:$G120),O$7:O$9)} -> 0.026589017 | P120: {=INDEX(P$14:P$114,$A120+1)+SUMPRODUCT(TRANSPOSE($E120:$G120),P$7:P$9)} -> 0.026556389 | ... DD120: {=INDEX(DD$14:DD$114,$A120+1)+SUMPRODUCT(TRANSPOSE($E120:$G120),DD$7:DD$9)} -> 0.0312163
A121: =A20 -> 6 | B121: =B20+1 -> 1 | C121: =C20 -> 12 | D121: =D20 -> 72 | E121: =E120-0.0015 -> -0.009 | F121: =F120-0.0015 -> -0.009 | G121: =G120-0.0015 -> -0.009 | H121: =B121*10000+D121 -> 10072 | I121: {=INDEX(I$14:I$114,$A121+1)+SUMPRODUCT(TRANSPOSE($E121:$G121),I$7:I$9)} -> 0.024438859 | J121: {=INDEX(J$14:J$114,$A121+1)+SUMPRODUCT(TRANSPOSE($E121:$G121),J$7:J$9)} -> 0.02505438 | K121: {=INDEX(K$14:K$114,$A121+1)+SUMPRODUCT(TRANSPOSE($E121:$G121),K$7:K$9)} -> 0.024912815 | L121: {=INDEX(L$14:L$114,$A121+1)+SUMPRODUCT(TRANSPOSE($E121:$G121),L$7:L$9)} -> 0.024571241 | M121: {=INDEX(M$14:M$114,$A121+1)+SUMPRODUCT(TRANSPOSE($E121:$G121),M$7:M$9)} -> 0.024832209 | N121: {=INDEX(N$14:N$114,$A121+1)+SUMPRODUCT(TRANSPOSE($E121:$G121),N$7:N$9)} -> 0.024920455 | O121: {=INDEX(O$14:O$114,$A121+1)+SUMPRODUCT(TRANSPOSE($E121:$G121),O$7:O$9)} -> 0.02490725 | P121: {=INDEX(P$14:P$114,$A121+1)+SUMPRODUCT(TRANSPOSE($E121:$G121),P$7:P$9)} -> 0.024828941 | ... DD121: {=INDEX(DD$14:DD$114,$A121+1)+SUMPRODUCT(TRANSPOSE($E121:$G121),DD$7:DD$9)} -> 0.0297163
A122: =A21 -> 7 | B122: =B21+1 -> 1 | C122: =C21 -> 12 | D122: =D21 -> 84 | E122: =E121-0.0015 -> -0.0105 | F122: =F121-0.0015 -> -0.0105 | G122: =G121-0.0015 -> -0.0105 | H122: =B122*10000+D122 -> 10084 | I122: {=INDEX(I$14:I$114,$A122+1)+SUMPRODUCT(TRANSPOSE($E122:$G122),I$7:I$9)} -> 0.024170267 | J122: {=INDEX(J$14:J$114,$A122+1)+SUMPRODUCT(TRANSPOSE($E122:$G122),J$7:J$9)} -> 0.023649874 | K122: {=INDEX(K$14:K$114,$A122+1)+SUMPRODUCT(TRANSPOSE($E122:$G122),K$7:K$9)} -> 0.023115372 | L122: {=INDEX(L$14:L$114,$A122+1)+SUMPRODUCT(TRANSPOSE($E122:$G122),L$7:L$9)} -> 0.02343057 | M122: {=INDEX(M$14:M$114,$A122+1)+SUMPRODUCT(TRANSPOSE($E122:$G122),M$7:M$9)} -> 0.023516801 | N122: {=INDEX(N$14:N$114,$A122+1)+SUMPRODUCT(TRANSPOSE($E122:$G122),N$7:N$9)} -> 0.023485336 | O122: {=INDEX(O$14:O$114,$A122+1)+SUMPRODUCT(TRANSPOSE($E122:$G122),O$7:O$9)} -> 0.02338468 | P122: {=INDEX(P$14:P$114,$A122+1)+SUMPRODUCT(TRANSPOSE($E122:$G122),P$7:P$9)} -> 0.023239668 | ... DD122: {=INDEX(DD$14:DD$114,$A122+1)+SUMPRODUCT(TRANSPOSE($E122:$G122),DD$7:DD$9)} -> 0.0282163
A123: =A22 -> 8 | B123: =B22+1 -> 1 | C123: =C22 -> 12 | D123: =D22 -> 96 | E123: =E122-0.0015 -> -0.012 | F123: =F122-0.0015 -> -0.012 | G123: =G122-0.0015 -> -0.012 | H123: =B123*10000+D123 -> 10096 | I123: {=INDEX(I$14:I$114,$A123+1)+SUMPRODUCT(TRANSPOSE($E123:$G123),I$7:I$9)} -> 0.021629743 | J123: {=INDEX(J$14:J$114,$A123+1)+SUMPRODUCT(TRANSPOSE($E123:$G123),J$7:J$9)} -> 0.021088328 | K123: {=INDEX(K$14:K$114,$A123+1)+SUMPRODUCT(TRANSPOSE($E123:$G123),K$7:K$9)} -> 0.021684122 | L123: {=INDEX(L$14:L$114,$A123+1)+SUMPRODUCT(TRANSPOSE($E123:$G123),L$7:L$9)} -> 0.021853499 | M123: {=INDEX(M$14:M$114,$A123+1)+SUMPRODUCT(TRANSPOSE($E123:$G123),M$7:M$9)} -> 0.021848404 | N123: {=INDEX(N$14:N$114,$A123+1)+SUMPRODUCT(TRANSPOSE($E123:$G123),N$7:N$9)} -> 0.021753806 | O123: {=INDEX(O$14:O$114,$A123+1)+SUMPRODUCT(TRANSPOSE($E123:$G123),O$7:O$9)} -> 0.021606793 | P123: {=INDEX(P$14:P$114,$A123+1)+SUMPRODUCT(TRANSPOSE($E123:$G123),P$7:P$9)} -> 0.021426387 | ... DD123: {=INDEX(DD$14:DD$114,$A123+1)+SUMPRODUCT(TRANSPOSE($E123:$G123),DD$7:DD$9)} -> 0.0267163
A124: =A23 -> 9 | B124: =B23+1 -> 1 | C124: =C23 -> 12 | D124: =D23 -> 108 | E124: =E123-0.0015 -> -0.0135 | F124: =F123-0.0015 -> -0.0135 | G124: =G123-0.0015 -> -0.0135 | H124: =B124*10000+D124 -> 10108 | I124: {=INDEX(I$14:I$114,$A124+1)+SUMPRODUCT(TRANSPOSE($E124:$G124),I$7:I$9)} -> 0.019047196 | J124: {=INDEX(J$14:J$114,$A124+1)+SUMPRODUCT(TRANSPOSE($E124:$G124),J$7:J$9)} -> 0.020211313 | K124: {=INDEX(K$14:K$114,$A124+1)+SUMPRODUCT(TRANSPOSE($E124:$G124),K$7:K$9)} -> 0.020428095 | L124: {=INDEX(L$14:L$114,$A124+1)+SUMPRODUCT(TRANSPOSE($E124:$G124),L$7:L$9)} -> 0.020403076 | M124: {=INDEX(M$14:M$114,$A124+1)+SUMPRODUCT(TRANSPOSE($E124:$G124),M$7:M$9)} -> 0.020278621 | N124: {=INDEX(N$14:N$114,$A124+1)+SUMPRODUCT(TRANSPOSE($E124:$G124),N$7:N$9)} -> 0.020102968 | O124: {=INDEX(O$14:O$114,$A124+1)+SUMPRODUCT(TRANSPOSE($E124:$G124),O$7:O$9)} -> 0.01989734 | P124: {=INDEX(P$14:P$114,$A124+1)+SUMPRODUCT(TRANSPOSE($E124:$G124),P$7:P$9)} -> 0.019672735 | ... DD124: {=INDEX(DD$14:DD$114,$A124+1)+SUMPRODUCT(TRANSPOSE($E124:$G124),DD$7:DD$9)} -> 0.0252163
A125: =A24 -> 10 | B125: =B24+1 -> 1 | C125: =C24 -> 12 | D125: =D24 -> 120 | E125: =E124-0.0015 -> -0.015 | F125: =F124-0.0015 -> -0.015 | G125: =G124-0.0015 -> -0.015 | H125: =B125*10000+D125 -> 10120 | I125: {=INDEX(I$14:I$114,$A125+1)+SUMPRODUCT(TRANSPOSE($E125:$G125),I$7:I$9)} -> 0.019876743 | J125: {=INDEX(J$14:J$114,$A125+1)+SUMPRODUCT(TRANSPOSE($E125:$G125),J$7:J$9)} -> 0.019619237 | K125: {=INDEX(K$14:K$114,$A125+1)+SUMPRODUCT(TRANSPOSE($E125:$G125),K$7:K$9)} -> 0.019355432 | L125: {=INDEX(L$14:L$114,$A125+1)+SUMPRODUCT(TRANSPOSE($E125:$G125),L$7:L$9)} -> 0.019086706 | M125: {=INDEX(M$14:M$114,$A125+1)+SUMPRODUCT(TRANSPOSE($E125:$G125),M$7:M$9)} -> 0.018814252 | N125: {=INDEX(N$14:N$114,$A125+1)+SUMPRODUCT(TRANSPOSE($E125:$G125),N$7:N$9)} -> 0.018539098 | O125: {=INDEX(O$14:O$114,$A125+1)+SUMPRODUCT(TRANSPOSE($E125:$G125),O$7:O$9)} -> 0.018262128 | P125: {=INDEX(P$14:P$114,$A125+1)+SUMPRODUCT(TRANSPOSE($E125:$G125),P$7:P$9)} -> 0.017984098 | ... DD125: {=INDEX(DD$14:DD$114,$A125+1)+SUMPRODUCT(TRANSPOSE($E125:$G125),DD$7:DD$9)} -> 0.0237163
A126: =A25 -> 11 | B126: =B25+1 -> 1 | C126: =C25 -> 12 | D126: =D25 -> 132 | E126: =E125 -> -0.015 | F126: =F125 -> -0.015 | G126: =G125 -> -0.015 | H126: =B126*10000+D126 -> 10132 | I126: {=INDEX(I$14:I$114,$A126+1)+SUMPRODUCT(TRANSPOSE($E126:$G126),I$7:I$9)} -> 0.019361794 | J126: {=INDEX(J$14:J$114,$A126+1)+SUMPRODUCT(TRANSPOSE($E126:$G126),J$7:J$9)} -> 0.019094875 | K126: {=INDEX(K$14:K$114,$A126+1)+SUMPRODUCT(TRANSPOSE($E126:$G126),K$7:K$9)} -> 0.018823495 | L126: {=INDEX(L$14:L$114,$A126+1)+SUMPRODUCT(TRANSPOSE($E126:$G126),L$7:L$9)} -> 0.0185488 | M126: {=INDEX(M$14:M$114,$A126+1)+SUMPRODUCT(TRANSPOSE($E126:$G126),M$7:M$9)} -> 0.018271777 | N126: {=INDEX(N$14:N$114,$A126+1)+SUMPRODUCT(TRANSPOSE($E126:$G126),N$7:N$9)} -> 0.017993271 | O126: {=INDEX(O$14:O$114,$A126+1)+SUMPRODUCT(TRANSPOSE($E126:$G126),O$7:O$9)} -> 0.017714003 | P126: {=INDEX(P$14:P$114,$A126+1)+SUMPRODUCT(TRANSPOSE($E126:$G126),P$7:P$9)} -> 0.017434581 | ... DD126: {=INDEX(DD$14:DD$114,$A126+1)+SUMPRODUCT(TRANSPOSE($E126:$G126),DD$7:DD$9)} -> 0.0237163
A127: =A26 -> 12 | B127: =B26+1 -> 1 | C127: =C26 -> 12 | D127: =D26 -> 144 | E127: =E126 -> -0.015 | F127: =F126 -> -0.015 | G127: =G126 -> -0.015 | H127: =B127*10000+D127 -> 10144 | I127: {=INDEX(I$14:I$114,$A127+1)+SUMPRODUCT(TRANSPOSE($E127:$G127),I$7:I$9)} -> 0.018828024 | J127: {=INDEX(J$14:J$114,$A127+1)+SUMPRODUCT(TRANSPOSE($E127:$G127),J$7:J$9)} -> 0.01855445 | K127: {=INDEX(K$14:K$114,$A127+1)+SUMPRODUCT(TRANSPOSE($E127:$G127),K$7:K$9)} -> 0.018277944 | L127: {=INDEX(L$14:L$114,$A127+1)+SUMPRODUCT(TRANSPOSE($E127:$G127),L$7:L$9)} -> 0.017999452 | M127: {=INDEX(M$14:M$114,$A127+1)+SUMPRODUCT(TRANSPOSE($E127:$G127),M$7:M$9)} -> 0.017719783 | N127: {=INDEX(N$14:N$114,$A127+1)+SUMPRODUCT(TRANSPOSE($E127:$G127),N$7:N$9)} -> 0.017439626 | O127: {=INDEX(O$14:O$114,$A127+1)+SUMPRODUCT(TRANSPOSE($E127:$G127),O$7:O$9)} -> 0.017159558 | P127: {=INDEX(P$14:P$114,$A127+1)+SUMPRODUCT(TRANSPOSE($E127:$G127),P$7:P$9)} -> 0.016880062 | ... DD127: {=INDEX(DD$14:DD$114,$A127+1)+SUMPRODUCT(TRANSPOSE($E127:$G127),DD$7:DD$9)} -> 0.0237163
A128: =A27 -> 13 | B128: =B27+1 -> 1 | C128: =C27 -> 12 | D128: =D27 -> 156 | E128: =E127 -> -0.015 | F128: =F127 -> -0.015 | G128: =G127 -> -0.015 | H128: =B128*10000+D128 -> 10156 | I128: {=INDEX(I$14:I$114,$A128+1)+SUMPRODUCT(TRANSPOSE($E128:$G128),I$7:I$9)} -> 0.018280949 | J128: {=INDEX(J$14:J$114,$A128+1)+SUMPRODUCT(TRANSPOSE($E128:$G128),J$7:J$9)} -> 0.018003014 | K128: {=INDEX(K$14:K$114,$A128+1)+SUMPRODUCT(TRANSPOSE($E128:$G128),K$7:K$9)} -> 0.017723409 | L128: {=INDEX(L$14:L$114,$A128+1)+SUMPRODUCT(TRANSPOSE($E128:$G128),L$7:L$9)} -> 0.017442909 | M128: {=INDEX(M$14:M$114,$A128+1)+SUMPRODUCT(TRANSPOSE($E128:$G128),M$7:M$9)} -> 0.01716217 | N128: {=INDEX(N$14:N$114,$A128+1)+SUMPRODUCT(TRANSPOSE($E128:$G128),N$7:N$9)} -> 0.016881742 | O128: {=INDEX(O$14:O$114,$A128+1)+SUMPRODUCT(TRANSPOSE($E128:$G128),O$7:O$9)} -> 0.016602081 | P128: {=INDEX(P$14:P$114,$A128+1)+SUMPRODUCT(TRANSPOSE($E128:$G128),P$7:P$9)} -> 0.015885291 | ... DD128: {=INDEX(DD$14:DD$114,$A128+1)+SUMPRODUCT(TRANSPOSE($E128:$G128),DD$7:DD$9)} -> 0.0237163
A129: =A28 -> 14 | B129: =B28+1 -> 1 | C129: =C28 -> 12 | D129: =D28 -> 168 | E129: =E128 -> -0.015 | F129: =F128 -> -0.015 | G129: =G128 -> -0.015 | H129: =B129*10000+D129 -> 10168 | I129: {=INDEX(I$14:I$114,$A129+1)+SUMPRODUCT(TRANSPOSE($E129:$G129),I$7:I$9)} -> 0.017725153 | J129: {=INDEX(J$14:J$114,$A129+1)+SUMPRODUCT(TRANSPOSE($E129:$G129),J$7:J$9)} -> 0.017444752 | K129: {=INDEX(K$14:K$114,$A129+1)+SUMPRODUCT(TRANSPOSE($E129:$G129),K$7:K$9)} -> 0.017163713 | L129: {=INDEX(L$14:L$114,$A129+1)+SUMPRODUCT(TRANSPOSE($E129:$G129),L$7:L$9)} -> 0.016882665 | M129: {=INDEX(M$14:M$114,$A129+1)+SUMPRODUCT(TRANSPOSE($E129:$G129),M$7:M$9)} -> 0.016602128 | N129: {=INDEX(N$14:N$114,$A129+1)+SUMPRODUCT(TRANSPOSE($E129:$G129),N$7:N$9)} -> 0.016322535 | O129: {=INDEX(O$14:O$114,$A129+1)+SUMPRODUCT(TRANSPOSE($E129:$G129),O$7:O$9)} -> 0.015543508 | P129: {=INDEX(P$14:P$114,$A129+1)+SUMPRODUCT(TRANSPOSE($E129:$G129),P$7:P$9)} -> 0.014849657 | ... DD129: {=INDEX(DD$14:DD$114,$A129+1)+SUMPRODUCT(TRANSPOSE($E129:$G129),DD$7:DD$9)} -> 0.0237163
A130: =A29 -> 15 | B130: =B29+1 -> 1 | C130: =C29 -> 12 | D130: =D29 -> 180 | E130: =E129 -> -0.015 | F130: =F129 -> -0.015 | G130: =G129 -> -0.015 | H130: =B130*10000+D130 -> 10180 | I130: {=INDEX(I$14:I$114,$A130+1)+SUMPRODUCT(TRANSPOSE($E130:$G130),I$7:I$9)} -> 0.017164428 | J130: {=INDEX(J$14:J$114,$A130+1)+SUMPRODUCT(TRANSPOSE($E130:$G130),J$7:J$9)} -> 0.016883108 | K130: {=INDEX(K$14:K$114,$A130+1)+SUMPRODUCT(TRANSPOSE($E130:$G130),K$7:K$9)} -> 0.016601988 | L130: {=INDEX(L$14:L$114,$A130+1)+SUMPRODUCT(TRANSPOSE($E130:$G130),L$7:L$9)} -> 0.016321562 | M130: {=INDEX(M$14:M$114,$A130+1)+SUMPRODUCT(TRANSPOSE($E130:$G130),M$7:M$9)} -> 0.01604224 | N130: {=INDEX(N$14:N$114,$A130+1)+SUMPRODUCT(TRANSPOSE($E130:$G130),N$7:N$9)} -> 0.015180349 | O130: {=INDEX(O$14:O$114,$A130+1)+SUMPRODUCT(TRANSPOSE($E130:$G130),O$7:O$9)} -> 0.014439526 | P130: {=INDEX(P$14:P$114,$A130+1)+SUMPRODUCT(TRANSPOSE($E130:$G130),P$7:P$9)} -> 0.013775182 | ... DD130: {=INDEX(DD$14:DD$114,$A130+1)+SUMPRODUCT(TRANSPOSE($E130:$G130),DD$7:DD$9)} -> 0.0237163
A131: =A30 -> 16 | B131: =B30+1 -> 1 | C131: =C30 -> 12 | D131: =D30 -> 192 | E131: =E130 -> -0.015 | F131: =F130 -> -0.015 | G131: =G130 -> -0.015 | H131: =B131*10000+D131 -> 10192 | I131: {=INDEX(I$14:I$114,$A131+1)+SUMPRODUCT(TRANSPOSE($E131:$G131),I$7:I$9)} -> 0.016601865 | J131: {=INDEX(J$14:J$114,$A131+1)+SUMPRODUCT(TRANSPOSE($E131:$G131),J$7:J$9)} -> 0.016320883 | K131: {=INDEX(K$14:K$114,$A131+1)+SUMPRODUCT(TRANSPOSE($E131:$G131),K$7:K$9)} -> 0.01604076 | L131: {=INDEX(L$14:L$114,$A131+1)+SUMPRODUCT(TRANSPOSE($E131:$G131),L$7:L$9)} -> 0.015761884 | M131: {=INDEX(M$14:M$114,$A131+1)+SUMPRODUCT(TRANSPOSE($E131:$G131),M$7:M$9)} -> 0.014783992 | N131: {=INDEX(N$14:N$114,$A131+1)+SUMPRODUCT(TRANSPOSE($E131:$G131),N$7:N$9)} -> 0.013986076 | O131: {=INDEX(O$14:O$114,$A131+1)+SUMPRODUCT(TRANSPOSE($E131:$G131),O$7:O$9)} -> 0.013291913 | P131: {=INDEX(P$14:P$114,$A131+1)+SUMPRODUCT(TRANSPOSE($E131:$G131),P$7:P$9)} -> 0.01266346 | ... DD131: {=INDEX(DD$14:DD$114,$A131+1)+SUMPRODUCT(TRANSPOSE($E131:$G131),DD$7:DD$9)} -> 0.0237163
A132: =A31 -> 17 | B132: =B31+1 -> 1 | C132: =C31 -> 12 | D132: =D31 -> 204 | E132: =E131 -> -0.015 | F132: =F131 -> -0.015 | G132: =G131 -> -0.015 | H132: =B132*10000+D132 -> 10204 | I132: {=INDEX(I$14:I$114,$A132+1)+SUMPRODUCT(TRANSPOSE($E132:$G132),I$7:I$9)} -> 0.016039978 | J132: {=INDEX(J$14:J$114,$A132+1)+SUMPRODUCT(TRANSPOSE($E132:$G132),J$7:J$9)} -> 0.015760322 | K132: {=INDEX(K$14:K$114,$A132+1)+SUMPRODUCT(TRANSPOSE($E132:$G132),K$7:K$9)} -> 0.015482042 | L132: {=INDEX(L$14:L$114,$A132+1)+SUMPRODUCT(TRANSPOSE($E132:$G132),L$7:L$9)} -> 0.014330024 | M132: {=INDEX(M$14:M$114,$A132+1)+SUMPRODUCT(TRANSPOSE($E132:$G132),M$7:M$9)} -> 0.013463714 | N132: {=INDEX(N$14:N$114,$A132+1)+SUMPRODUCT(TRANSPOSE($E132:$G132),N$7:N$9)} -> 0.012741288 | O132: {=INDEX(O$14:O$114,$A132+1)+SUMPRODUCT(TRANSPOSE($E132:$G132),O$7:O$9)} -> 0.012102059 | P132: {=INDEX(P$14:P$114,$A132+1)+SUMPRODUCT(TRANSPOSE($E132:$G132),P$7:P$9)} -> 0.011515726 | ... DD132: {=INDEX(DD$14:DD$114,$A132+1)+SUMPRODUCT(TRANSPOSE($E132:$G132),DD$7:DD$9)} -> 0.0237163
A133: =A32 -> 18 | B133: =B32+1 -> 1 | C133: =C32 -> 12 | D133: =D32 -> 216 | E133: =E132 -> -0.015 | F133: =F132 -> -0.015 | G133: =G132 -> -0.015 | H133: =B133*10000+D133 -> 10216 | I133: {=INDEX(I$14:I$114,$A133+1)+SUMPRODUCT(TRANSPOSE($E133:$G133),I$7:I$9)} -> 0.015480742 | J133: {=INDEX(J$14:J$114,$A133+1)+SUMPRODUCT(TRANSPOSE($E133:$G133),J$7:J$9)} -> 0.015203188 | K133: {=INDEX(K$14:K$114,$A133+1)+SUMPRODUCT(TRANSPOSE($E133:$G133),K$7:K$9)} -> 0.01376067 | L133: {=INDEX(L$14:L$114,$A133+1)+SUMPRODUCT(TRANSPOSE($E133:$G133),L$7:L$9)} -> 0.012820655 | M133: {=INDEX(M$14:M$114,$A133+1)+SUMPRODUCT(TRANSPOSE($E133:$G133),M$7:M$9)} -> 0.012082817 | N133: {=INDEX(N$14:N$114,$A133+1)+SUMPRODUCT(TRANSPOSE($E133:$G133),N$7:N$9)} -> 0.011447203 | O133: {=INDEX(O$14:O$114,$A133+1)+SUMPRODUCT(TRANSPOSE($E133:$G133),O$7:O$9)} -> 0.010871027 | P133: {=INDEX(P$14:P$114,$A133+1)+SUMPRODUCT(TRANSPOSE($E133:$G133),P$7:P$9)} -> 0.010332907 | ... DD133: {=INDEX(DD$14:DD$114,$A133+1)+SUMPRODUCT(TRANSPOSE($E133:$G133),DD$7:DD$9)} -> 0.0237163
A134: =A33 -> 19 | B134: =B33+1 -> 1 | C134: =C33 -> 12 | D134: =D33 -> 228 | E134: =E133 -> -0.015 | F134: =F133 -> -0.015 | G134: =G133 -> -0.015 | H134: =B134*10000+D134 -> 10228 | I134: {=INDEX(I$14:I$114,$A134+1)+SUMPRODUCT(TRANSPOSE($E134:$G134),I$7:I$9)} -> 0.014925709 | J134: {=INDEX(J$14:J$114,$A134+1)+SUMPRODUCT(TRANSPOSE($E134:$G134),J$7:J$9)} -> 0.01290171 | K134: {=INDEX(K$14:K$114,$A134+1)+SUMPRODUCT(TRANSPOSE($E134:$G134),K$7:K$9)} -> 0.011935486 | L134: {=INDEX(L$14:L$114,$A134+1)+SUMPRODUCT(TRANSPOSE($E134:$G134),L$7:L$9)} -> 0.011235088 | M134: {=INDEX(M$14:M$114,$A134+1)+SUMPRODUCT(TRANSPOSE($E134:$G134),M$7:M$9)} -> 0.010642392 | N134: {=INDEX(N$14:N$114,$A134+1)+SUMPRODUCT(TRANSPOSE($E134:$G134),N$7:N$9)} -> 0.010104749 | O134: {=INDEX(O$14:O$114,$A134+1)+SUMPRODUCT(TRANSPOSE($E134:$G134),O$7:O$9)} -> 0.0095996047 | P134: {=INDEX(P$14:P$114,$A134+1)+SUMPRODUCT(TRANSPOSE($E134:$G134),P$7:P$9)} -> 0.0091156728 | ... DD134: {=INDEX(DD$14:DD$114,$A134+1)+SUMPRODUCT(TRANSPOSE($E134:$G134),DD$7:DD$9)} -> 0.0237163
A135: =A34 -> 20 | B135: =B34+1 -> 1 | C135: =C34 -> 12 | D135: =D34 -> 240 | E135: =E134 -> -0.015 | F135: =F134 -> -0.015 | G135: =G134 -> -0.015 | H135: =B135*10000+D135 -> 10240 | I135: {=INDEX(I$14:I$114,$A135+1)+SUMPRODUCT(TRANSPOSE($E135:$G135),I$7:I$9)} -> 0.01088169 | J135: {=INDEX(J$14:J$114,$A135+1)+SUMPRODUCT(TRANSPOSE($E135:$G135),J$7:J$9)} -> 0.010443632 | K135: {=INDEX(K$14:K$114,$A135+1)+SUMPRODUCT(TRANSPOSE($E135:$G135),K$7:K$9)} -> 0.010007822 | L135: {=INDEX(L$14:L$114,$A135+1)+SUMPRODUCT(TRANSPOSE($E135:$G135),L$7:L$9)} -> 0.0095743494 | M135: {=INDEX(M$14:M$114,$A135+1)+SUMPRODUCT(TRANSPOSE($E135:$G135),M$7:M$9)} -> 0.0091432684 | N135: {=INDEX(N$14:N$114,$A135+1)+SUMPRODUCT(TRANSPOSE($E135:$G135),N$7:N$9)} -> 0.0087146024 | O135: {=INDEX(O$14:O$114,$A135+1)+SUMPRODUCT(TRANSPOSE($E135:$G135),O$7:O$9)} -> 0.0082883475 | P135: {=INDEX(P$14:P$114,$A135+1)+SUMPRODUCT(TRANSPOSE($E135:$G135),P$7:P$9)} -> 0.0078644774 | ... DD135: {=INDEX(DD$14:DD$114,$A135+1)+SUMPRODUCT(TRANSPOSE($E135:$G135),DD$7:DD$9)} -> 0.0237163
A136: =A35 -> 21 | B136: =B35+1 -> 1 | C136: =C35 -> 12 | D136: =D35 -> 252 | E136: =E135 -> -0.015 | F136: =F135 -> -0.015 | G136: =G135 -> -0.015 | H136: =B136*10000+D136 -> 10252 | I136: {=INDEX(I$14:I$114,$A136+1)+SUMPRODUCT(TRANSPOSE($E136:$G136),I$7:I$9)} -> 0.010005761 | J136: {=INDEX(J$14:J$114,$A136+1)+SUMPRODUCT(TRANSPOSE($E136:$G136),J$7:J$9)} -> 0.0095711676 | K136: {=INDEX(K$14:K$114,$A136+1)+SUMPRODUCT(TRANSPOSE($E136:$G136),K$7:K$9)} -> 0.0091389396 | L136: {=INDEX(L$14:L$114,$A136+1)+SUMPRODUCT(TRANSPOSE($E136:$G136),L$7:L$9)} -> 0.0087091236 | M136: {=INDEX(M$14:M$114,$A136+1)+SUMPRODUCT(TRANSPOSE($E136:$G136),M$7:M$9)} -> 0.0082817346 | N136: {=INDEX(N$14:N$114,$A136+1)+SUMPRODUCT(TRANSPOSE($E136:$G136),N$7:N$9)} -> 0.0078567617 | O136: {=INDEX(O$14:O$114,$A136+1)+SUMPRODUCT(TRANSPOSE($E136:$G136),O$7:O$9)} -> 0.0074341721 | P136: {=INDEX(P$14:P$114,$A136+1)+SUMPRODUCT(TRANSPOSE($E136:$G136),P$7:P$9)} -> 0.0070139149 | ... DD136: {=INDEX(DD$14:DD$114,$A136+1)+SUMPRODUCT(TRANSPOSE($E136:$G136),DD$7:DD$9)} -> 0.0237163
A137: =A36 -> 22 | B137: =B36+1 -> 1 | C137: =C36 -> 12 | D137: =D36 -> 264 | E137: =E136 -> -0.015 | F137: =F136 -> -0.015 | G137: =G136 -> -0.015 | H137: =B137*10000+D137 -> 10264 | I137: {=INDEX(I$14:I$114,$A137+1)+SUMPRODUCT(TRANSPOSE($E137:$G137),I$7:I$9)} -> 0.0091367587 | J137: {=INDEX(J$14:J$114,$A137+1)+SUMPRODUCT(TRANSPOSE($E137:$G137),J$7:J$9)} -> 0.008705804 | K137: {=INDEX(K$14:K$114,$A137+1)+SUMPRODUCT(TRANSPOSE($E137:$G137),K$7:K$9)} -> 0.0082772758 | L137: {=INDEX(L$14:L$114,$A137+1)+SUMPRODUCT(TRANSPOSE($E137:$G137),L$7:L$9)} -> 0.0078511813 | M137: {=INDEX(M$14:M$114,$A137+1)+SUMPRODUCT(TRANSPOSE($E137:$G137),M$7:M$9)} -> 0.0074275028 | N137: {=INDEX(N$14:N$114,$A137+1)+SUMPRODUCT(TRANSPOSE($E137:$G137),N$7:N$9)} -> 0.0070062017 | O137: {=INDEX(O$14:O$114,$A137+1)+SUMPRODUCT(TRANSPOSE($E137:$G137),O$7:O$9)} -> 0.0065872218 | P137: {=INDEX(P$14:P$114,$A137+1)+SUMPRODUCT(TRANSPOSE($E137:$G137),P$7:P$9)} -> 0.0061704913 | ... DD137: {=INDEX(DD$14:DD$114,$A137+1)+SUMPRODUCT(TRANSPOSE($E137:$G137),DD$7:DD$9)} -> 0.0237163
... A215: =A114 -> 100 | B215: =B114+1 -> 1 | C215: =C114 -> 12 | D215: =D114 -> 1200 | E215: =E214 -> -0.015 | F215: =F214 -> -0.015 | G215: =G214 -> -0.015 | H215: =B215*10000+D215 -> 11200 | I215: {=INDEX(I$14:I$114,$A215+1)+SUMPRODUCT(TRANSPOSE($E215:$G215),I$7:I$9)} -> 0.027 | J215: {=INDEX(J$14:J$114,$A215+1)+SUMPRODUCT(TRANSPOSE($E215:$G215),J$7:J$9)} -> 0.027 | K215: {=INDEX(K$14:K$114,$A215+1)+SUMPRODUCT(TRANSPOSE($E215:$G215),K$7:K$9)} -> 0.027 | L215: {=INDEX(L$14:L$114,$A215+1)+SUMPRODUCT(TRANSPOSE($E215:$G215),L$7:L$9)} -> 0.027 | M215: {=INDEX(M$14:M$114,$A215+1)+SUMPRODUCT(TRANSPOSE($E215:$G215),M$7:M$9)} -> 0.027 | N215: {=INDEX(N$14:N$114,$A215+1)+SUMPRODUCT(TRANSPOSE($E215:$G215),N$7:N$9)} -> 0.027 | O215: {=INDEX(O$14:O$114,$A215+1)+SUMPRODUCT(TRANSPOSE($E215:$G215),O$7:O$9)} -> 0.027 | P215: {=INDEX(P$14:P$114,$A215+1)+SUMPRODUCT(TRANSPOSE($E215:$G215),P$7:P$9)} -> 0.027 | ... DD215: {=INDEX(DD$14:DD$114,$A215+1)+SUMPRODUCT(TRANSPOSE($E215:$G215),DD$7:DD$9)} -> 0.0237163
A216: =A115 -> 0 | B216: =B115+1 -> 2 | C216: =C115 -> 12 | D216: =D115 -> 0 | E216: 0 | F216: 0 | G216: 0 | H216: =B216*10000+D216 -> 20000 | I216: {=INDEX(I$14:I$114,$A216+1)+SUMPRODUCT(TRANSPOSE($E216:$G216),I$7:I$9)} -> 0.044490912 | J216: {=INDEX(J$14:J$114,$A216+1)+SUMPRODUCT(TRANSPOSE($E216:$G216),J$7:J$9)} -> 0.043834498 | K216: {=INDEX(K$14:K$114,$A216+1)+SUMPRODUCT(TRANSPOSE($E216:$G216),K$7:K$9)} -> 0.041829148 | L216: {=INDEX(L$14:L$114,$A216+1)+SUMPRODUCT(TRANSPOSE($E216:$G216),L$7:L$9)} -> 0.04063536 | M216: {=INDEX(M$14:M$114,$A216+1)+SUMPRODUCT(TRANSPOSE($E216:$G216),M$7:M$9)} -> 0.039398721 | N216: {=INDEX(N$14:N$114,$A216+1)+SUMPRODUCT(TRANSPOSE($E216:$G216),N$7:N$9)} -> 0.038681191 | O216: {=INDEX(O$14:O$114,$A216+1)+SUMPRODUCT(TRANSPOSE($E216:$G216),O$7:O$9)} -> 0.037930662 | P216: {=INDEX(P$14:P$114,$A216+1)+SUMPRODUCT(TRANSPOSE($E216:$G216),P$7:P$9)} -> 0.037522551 | ... DD216: {=INDEX(DD$14:DD$114,$A216+1)+SUMPRODUCT(TRANSPOSE($E216:$G216),DD$7:DD$9)} -> 0.0387163
A217: =A116 -> 1 | B217: =B116+1 -> 2 | C217: =C116 -> 12 | D217: =D116 -> 12 | E217: =E216+0.0015 -> 0.0015 | F217: =F216+0.0015 -> 0.0015 | G217: =G216+0.0015 -> 0.0015 | H217: =B217*10000+D217 -> 20012 | I217: {=INDEX(I$14:I$114,$A217+1)+SUMPRODUCT(TRANSPOSE($E217:$G217),I$7:I$9)} -> 0.044678496 | J217: {=INDEX(J$14:J$114,$A217+1)+SUMPRODUCT(TRANSPOSE($E217:$G217),J$7:J$9)} -> 0.04200081 | K217: {=INDEX(K$14:K$114,$A217+1)+SUMPRODUCT(TRANSPOSE($E217:$G217),K$7:K$9)} -> 0.040853342 | L217: {=INDEX(L$14:L$114,$A217+1)+SUMPRODUCT(TRANSPOSE($E217:$G217),L$7:L$9)} -> 0.039629557 | M217: {=INDEX(M$14:M$114,$A217+1)+SUMPRODUCT(TRANSPOSE($E217:$G217),M$7:M$9)} -> 0.039023131 | N217: {=INDEX(N$14:N$114,$A217+1)+SUMPRODUCT(TRANSPOSE($E217:$G217),N$7:N$9)} -> 0.038341299 | O217: {=INDEX(O$14:O$114,$A217+1)+SUMPRODUCT(TRANSPOSE($E217:$G217),O$7:O$9)} -> 0.038030873 | P217: {=INDEX(P$14:P$114,$A217+1)+SUMPRODUCT(TRANSPOSE($E217:$G217),P$7:P$9)} -> 0.037667787 | ... DD217: {=INDEX(DD$14:DD$114,$A217+1)+SUMPRODUCT(TRANSPOSE($E217:$G217),DD$7:DD$9)} -> 0.0402163
A218: =A117 -> 2 | B218: =B117+1 -> 2 | C218: =C117 -> 12 | D218: =D117 -> 24 | E218: =E217+0.0015 -> 0.003 | F218: =F217+0.0015 -> 0.003 | G218: =G217+0.0015 -> 0.003 | H218: =B218*10000+D218 -> 20024 | I218: {=INDEX(I$14:I$114,$A218+1)+SUMPRODUCT(TRANSPOSE($E218:$G218),I$7:I$9)} -> 0.040829998 | J218: {=INDEX(J$14:J$114,$A218+1)+SUMPRODUCT(TRANSPOSE($E218:$G218),J$7:J$9)} -> 0.040446027 | K218: {=INDEX(K$14:K$114,$A218+1)+SUMPRODUCT(TRANSPOSE($E218:$G218),K$7:K$9)} -> 0.039452014 | L218: {=INDEX(L$14:L$114,$A218+1)+SUMPRODUCT(TRANSPOSE($E218:$G218),L$7:L$9)} -> 0.039114086 | M218: {=INDEX(M$14:M$114,$A218+1)+SUMPRODUCT(TRANSPOSE($E218:$G218),M$7:M$9)} -> 0.038578487 | N218: {=INDEX(N$14:N$114,$A218+1)+SUMPRODUCT(TRANSPOSE($E218:$G218),N$7:N$9)} -> 0.038427062 | O218: {=INDEX(O$14:O$114,$A218+1)+SUMPRODUCT(TRANSPOSE($E218:$G218),O$7:O$9)} -> 0.038170111 | P218: {=INDEX(P$14:P$114,$A218+1)+SUMPRODUCT(TRANSPOSE($E218:$G218),P$7:P$9)} -> 0.037841882 | ... DD218: {=INDEX(DD$14:DD$114,$A218+1)+SUMPRODUCT(TRANSPOSE($E218:$G218),DD$7:DD$9)} -> 0.0417163
A219: =A118 -> 3 | B219: =B118+1 -> 2 | C219: =C118 -> 12 | D219: =D118 -> 36 | E219: =E218+0.0015 -> 0.0045 | F219: =F218+0.0015 -> 0.0045 | G219: =G218+0.0015 -> 0.0045 | H219: =B219*10000+D219 -> 20036 | I219: {=INDEX(I$14:I$114,$A219+1)+SUMPRODUCT(TRANSPOSE($E219:$G219),I$7:I$9)} -> 0.041562199 | J219: {=INDEX(J$14:J$114,$A219+1)+SUMPRODUCT(TRANSPOSE($E219:$G219),J$7:J$9)} -> 0.040263708 | K219: {=INDEX(K$14:K$114,$A219+1)+SUMPRODUCT(TRANSPOSE($E219:$G219),K$7:K$9)} -> 0.040042746 | L219: {=INDEX(L$14:L$114,$A219+1)+SUMPRODUCT(TRANSPOSE($E219:$G219),L$7:L$9)} -> 0.039516373 | M219: {=INDEX(M$14:M$114,$A219+1)+SUMPRODUCT(TRANSPOSE($E219:$G219),M$7:M$9)} -> 0.039447143 | N219: {=INDEX(N$14:N$114,$A219+1)+SUMPRODUCT(TRANSPOSE($E219:$G219),N$7:N$9)} -> 0.03922746 | O219: {=INDEX(O$14:O$114,$A219+1)+SUMPRODUCT(TRANSPOSE($E219:$G219),O$7:O$9)} -> 0.038915712 | P219: {=INDEX(P$14:P$114,$A219+1)+SUMPRODUCT(TRANSPOSE($E219:$G219),P$7:P$9)} -> 0.038973329 | ... DD219: {=INDEX(DD$14:DD$114,$A219+1)+SUMPRODUCT(TRANSPOSE($E219:$G219),DD$7:DD$9)} -> 0.0432163
A220: =A119 -> 4 | B220: =B119+1 -> 2 | C220: =C119 -> 12 | D220: =D119 -> 48 | E220: =E219+0.0015 -> 0.006 | F220: =F219+0.0015 -> 0.006 | G220: =G219+0.0015 -> 0.006 | H220: =B220*10000+D220 -> 20048 | I220: {=INDEX(I$14:I$114,$A220+1)+SUMPRODUCT(TRANSPOSE($E220:$G220),I$7:I$9)} -> 0.040466842 | J220: {=INDEX(J$14:J$114,$A220+1)+SUMPRODUCT(TRANSPOSE($E220:$G220),J$7:J$9)} -> 0.040783855 | K220: {=INDEX(K$14:K$114,$A220+1)+SUMPRODUCT(TRANSPOSE($E220:$G220),K$7:K$9)} -> 0.040335329 | L220: {=INDEX(L$14:L$114,$A220+1)+SUMPRODUCT(TRANSPOSE($E220:$G220),L$7:L$9)} -> 0.040419053 | M220: {=INDEX(M$14:M$114,$A220+1)+SUMPRODUCT(TRANSPOSE($E220:$G220),M$7:M$9)} -> 0.040261143 | N220: {=INDEX(N$14:N$114,$A220+1)+SUMPRODUCT(TRANSPOSE($E220:$G220),N$7:N$9)} -> 0.039975288 | O220: {=INDEX(O$14:O$114,$A220+1)+SUMPRODUCT(TRANSPOSE($E220:$G220),O$7:O$9)} -> 0.040104019 | P220: {=INDEX(P$14:P$114,$A220+1)+SUMPRODUCT(TRANSPOSE($E220:$G220),P$7:P$9)} -> 0.040136237 | ... DD220: {=INDEX(DD$14:DD$114,$A220+1)+SUMPRODUCT(TRANSPOSE($E220:$G220),DD$7:DD$9)} -> 0.0447163
A221: =A120 -> 5 | B221: =B120+1 -> 2 | C221: =C120 -> 12 | D221: =D120 -> 60 | E221: =E220+0.0015 -> 0.0075 | F221: =F220+0.0015 -> 0.0075 | G221: =G220+0.0015 -> 0.0075 | H221: =B221*10000+D221 -> 20060 | I221: {=INDEX(I$14:I$114,$A221+1)+SUMPRODUCT(TRANSPOSE($E221:$G221),I$7:I$9)} -> 0.042600965 | J221: {=INDEX(J$14:J$114,$A221+1)+SUMPRODUCT(TRANSPOSE($E221:$G221),J$7:J$9)} -> 0.041769578 | K221: {=INDEX(K$14:K$114,$A221+1)+SUMPRODUCT(TRANSPOSE($E221:$G221),K$7:K$9)} -> 0.041903124 | L221: {=INDEX(L$14:L$114,$A221+1)+SUMPRODUCT(TRANSPOSE($E221:$G221),L$7:L$9)} -> 0.041709724 | M221: {=INDEX(M$14:M$114,$A221+1)+SUMPRODUCT(TRANSPOSE($E221:$G221),M$7:M$9)} -> 0.041377005 | N221: {=INDEX(N$14:N$114,$A221+1)+SUMPRODUCT(TRANSPOSE($E221:$G221),N$7:N$9)} -> 0.041543561 | O221: {=INDEX(O$14:O$114,$A221+1)+SUMPRODUCT(TRANSPOSE($E221:$G221),O$7:O$9)} -> 0.041589017 | P221: {=INDEX(P$14:P$114,$A221+1)+SUMPRODUCT(TRANSPOSE($E221:$G221),P$7:P$9)} -> 0.041556389 | ... DD221: {=INDEX(DD$14:DD$114,$A221+1)+SUMPRODUCT(TRANSPOSE($E221:$G221),DD$7:DD$9)} -> 0.0462163
A222: =A121 -> 6 | B222: =B121+1 -> 2 | C222: =C121 -> 12 | D222: =D121 -> 72 | E222: =E221+0.0015 -> 0.009 | F222: =F221+0.0015 -> 0.009 | G222: =G221+0.0015 -> 0.009 | H222: =B222*10000+D222 -> 20072 | I222: {=INDEX(I$14:I$114,$A222+1)+SUMPRODUCT(TRANSPOSE($E222:$G222),I$7:I$9)} -> 0.042438859 | J222: {=INDEX(J$14:J$114,$A222+1)+SUMPRODUCT(TRANSPOSE($E222:$G222),J$7:J$9)} -> 0.04305438 | K222: {=INDEX(K$14:K$114,$A222+1)+SUMPRODUCT(TRANSPOSE($E222:$G222),K$7:K$9)} -> 0.042912815 | L222: {=INDEX(L$14:L$114,$A222+1)+SUMPRODUCT(TRANSPOSE($E222:$G222),L$7:L$9)} -> 0.042571241 | M222: {=INDEX(M$14:M$114,$A222+1)+SUMPRODUCT(TRANSPOSE($E222:$G222),M$7:M$9)} -> 0.042832209 | N222: {=INDEX(N$14:N$114,$A222+1)+SUMPRODUCT(TRANSPOSE($E222:$G222),N$7:N$9)} -> 0.042920455 | O222: {=INDEX(O$14:O$114,$A222+1)+SUMPRODUCT(TRANSPOSE($E222:$G222),O$7:O$9)} -> 0.04290725 | P222: {=INDEX(P$14:P$114,$A222+1)+SUMPRODUCT(TRANSPOSE($E222:$G222),P$7:P$9)} -> 0.042828941 | ... DD222: {=INDEX(DD$14:DD$114,$A222+1)+SUMPRODUCT(TRANSPOSE($E222:$G222),DD$7:DD$9)} -> 0.0477163
A223: =A122 -> 7 | B223: =B122+1 -> 2 | C223: =C122 -> 12 | D223: =D122 -> 84 | E223: =E222+0.0015 -> 0.0105 | F223: =F222+0.0015 -> 0.0105 | G223: =G222+0.0015 -> 0.0105 | H223: =B223*10000+D223 -> 20084 | I223: {=INDEX(I$14:I$114,$A223+1)+SUMPRODUCT(TRANSPOSE($E223:$G223),I$7:I$9)} -> 0.045170267 | J223: {=INDEX(J$14:J$114,$A223+1)+SUMPRODUCT(TRANSPOSE($E223:$G223),J$7:J$9)} -> 0.044649874 | K223: {=INDEX(K$14:K$114,$A223+1)+SUMPRODUCT(TRANSPOSE($E223:$G223),K$7:K$9)} -> 0.044115372 | L223: {=INDEX(L$14:L$114,$A223+1)+SUMPRODUCT(TRANSPOSE($E223:$G223),L$7:L$9)} -> 0.04443057 | M223: {=INDEX(M$14:M$114,$A223+1)+SUMPRODUCT(TRANSPOSE($E223:$G223),M$7:M$9)} -> 0.044516801 | N223: {=INDEX(N$14:N$114,$A223+1)+SUMPRODUCT(TRANSPOSE($E223:$G223),N$7:N$9)} -> 0.044485336 | O223: {=INDEX(O$14:O$114,$A223+1)+SUMPRODUCT(TRANSPOSE($E223:$G223),O$7:O$9)} -> 0.04438468 | P223: {=INDEX(P$14:P$114,$A223+1)+SUMPRODUCT(TRANSPOSE($E223:$G223),P$7:P$9)} -> 0.044239668 | ... DD223: {=INDEX(DD$14:DD$114,$A223+1)+SUMPRODUCT(TRANSPOSE($E223:$G223),DD$7:DD$9)} -> 0.0492163
A224: =A123 -> 8 | B224: =B123+1 -> 2 | C224: =C123 -> 12 | D224: =D123 -> 96 | E224: =E223+0.0015 -> 0.012 | F224: =F223+0.0015 -> 0.012 | G224: =G223+0.0015 -> 0.012 | H224: =B224*10000+D224 -> 20096 | I224: {=INDEX(I$14:I$114,$A224+1)+SUMPRODUCT(TRANSPOSE($E224:$G224),I$7:I$9)} -> 0.045629743 | J224: {=INDEX(J$14:J$114,$A224+1)+SUMPRODUCT(TRANSPOSE($E224:$G224),J$7:J$9)} -> 0.045088328 | K224: {=INDEX(K$14:K$114,$A224+1)+SUMPRODUCT(TRANSPOSE($E224:$G224),K$7:K$9)} -> 0.045684122 | L224: {=INDEX(L$14:L$114,$A224+1)+SUMPRODUCT(TRANSPOSE($E224:$G224),L$7:L$9)} -> 0.045853499 | M224: {=INDEX(M$14:M$114,$A224+1)+SUMPRODUCT(TRANSPOSE($E224:$G224),M$7:M$9)} -> 0.045848404 | N224: {=INDEX(N$14:N$114,$A224+1)+SUMPRODUCT(TRANSPOSE($E224:$G224),N$7:N$9)} -> 0.045753806 | O224: {=INDEX(O$14:O$114,$A224+1)+SUMPRODUCT(TRANSPOSE($E224:$G224),O$7:O$9)} -> 0.045606793 | P224: {=INDEX(P$14:P$114,$A224+1)+SUMPRODUCT(TRANSPOSE($E224:$G224),P$7:P$9)} -> 0.045426387 | ... DD224: {=INDEX(DD$14:DD$114,$A224+1)+SUMPRODUCT(TRANSPOSE($E224:$G224),DD$7:DD$9)} -> 0.0507163
A225: =A124 -> 9 | B225: =B124+1 -> 2 | C225: =C124 -> 12 | D225: =D124 -> 108 | E225: =E224+0.0015 -> 0.0135 | F225: =F224+0.0015 -> 0.0135 | G225: =G224+0.0015 -> 0.0135 | H225: =B225*10000+D225 -> 20108 | I225: {=INDEX(I$14:I$114,$A225+1)+SUMPRODUCT(TRANSPOSE($E225:$G225),I$7:I$9)} -> 0.046047196 | J225: {=INDEX(J$14:J$114,$A225+1)+SUMPRODUCT(TRANSPOSE($E225:$G225),J$7:J$9)} -> 0.047211313 | K225: {=INDEX(K$14:K$114,$A225+1)+SUMPRODUCT(TRANSPOSE($E225:$G225),K$7:K$9)} -> 0.047428095 | L225: {=INDEX(L$14:L$114,$A225+1)+SUMPRODUCT(TRANSPOSE($E225:$G225),L$7:L$9)} -> 0.047403076 | M225: {=INDEX(M$14:M$114,$A225+1)+SUMPRODUCT(TRANSPOSE($E225:$G225),M$7:M$9)} -> 0.047278621 | N225: {=INDEX(N$14:N$114,$A225+1)+SUMPRODUCT(TRANSPOSE($E225:$G225),N$7:N$9)} -> 0.047102968 | O225: {=INDEX(O$14:O$114,$A225+1)+SUMPRODUCT(TRANSPOSE($E225:$G225),O$7:O$9)} -> 0.04689734 | P225: {=INDEX(P$14:P$114,$A225+1)+SUMPRODUCT(TRANSPOSE($E225:$G225),P$7:P$9)} -> 0.046672735 | ... DD225: {=INDEX(DD$14:DD$114,$A225+1)+SUMPRODUCT(TRANSPOSE($E225:$G225),DD$7:DD$9)} -> 0.0522163
A226: =A125 -> 10 | B226: =B125+1 -> 2 | C226: =C125 -> 12 | D226: =D125 -> 120 | E226: =E225+0.0015 -> 0.015 | F226: =F225+0.0015 -> 0.015 | G226: =G225+0.0015 -> 0.015 | H226: =B226*10000+D226 -> 20120 | I226: {=INDEX(I$14:I$114,$A226+1)+SUMPRODUCT(TRANSPOSE($E226:$G226),I$7:I$9)} -> 0.049876743 | J226: {=INDEX(J$14:J$114,$A226+1)+SUMPRODUCT(TRANSPOSE($E226:$G226),J$7:J$9)} -> 0.049619237 | K226: {=INDEX(K$14:K$114,$A226+1)+SUMPRODUCT(TRANSPOSE($E226:$G226),K$7:K$9)} -> 0.049355432 | L226: {=INDEX(L$14:L$114,$A226+1)+SUMPRODUCT(TRANSPOSE($E226:$G226),L$7:L$9)} -> 0.049086706 | M226: {=INDEX(M$14:M$114,$A226+1)+SUMPRODUCT(TRANSPOSE($E226:$G226),M$7:M$9)} -> 0.048814252 | N226: {=INDEX(N$14:N$114,$A226+1)+SUMPRODUCT(TRANSPOSE($E226:$G226),N$7:N$9)} -> 0.048539098 | O226: {=INDEX(O$14:O$114,$A226+1)+SUMPRODUCT(TRANSPOSE($E226:$G226),O$7:O$9)} -> 0.048262128 | P226: {=INDEX(P$14:P$114,$A226+1)+SUMPRODUCT(TRANSPOSE($E226:$G226),P$7:P$9)} -> 0.047984098 | ... DD226: {=INDEX(DD$14:DD$114,$A226+1)+SUMPRODUCT(TRANSPOSE($E226:$G226),DD$7:DD$9)} -> 0.0537163
A227: =A126 -> 11 | B227: =B126+1 -> 2 | C227: =C126 -> 12 | D227: =D126 -> 132 | E227: =E226 -> 0.015 | F227: =F226 -> 0.015 | G227: =G226 -> 0.015 | H227: =B227*10000+D227 -> 20132 | I227: {=INDEX(I$14:I$114,$A227+1)+SUMPRODUCT(TRANSPOSE($E227:$G227),I$7:I$9)} -> 0.049361794 | J227: {=INDEX(J$14:J$114,$A227+1)+SUMPRODUCT(TRANSPOSE($E227:$G227),J$7:J$9)} -> 0.049094875 | K227: {=INDEX(K$14:K$114,$A227+1)+SUMPRODUCT(TRANSPOSE($E227:$G227),K$7:K$9)} -> 0.048823495 | L227: {=INDEX(L$14:L$114,$A227+1)+SUMPRODUCT(TRANSPOSE($E227:$G227),L$7:L$9)} -> 0.0485488 | M227: {=INDEX(M$14:M$114,$A227+1)+SUMPRODUCT(TRANSPOSE($E227:$G227),M$7:M$9)} -> 0.048271777 | N227: {=INDEX(N$14:N$114,$A227+1)+SUMPRODUCT(TRANSPOSE($E227:$G227),N$7:N$9)} -> 0.047993271 | O227: {=INDEX(O$14:O$114,$A227+1)+SUMPRODUCT(TRANSPOSE($E227:$G227),O$7:O$9)} -> 0.047714003 | P227: {=INDEX(P$14:P$114,$A227+1)+SUMPRODUCT(TRANSPOSE($E227:$G227),P$7:P$9)} -> 0.047434581 | ... DD227: {=INDEX(DD$14:DD$114,$A227+1)+SUMPRODUCT(TRANSPOSE($E227:$G227),DD$7:DD$9)} -> 0.0537163
A228: =A127 -> 12 | B228: =B127+1 -> 2 | C228: =C127 -> 12 | D228: =D127 -> 144 | E228: =E227 -> 0.015 | F228: =F227 -> 0.015 | G228: =G227 -> 0.015 | H228: =B228*10000+D228 -> 20144 | I228: {=INDEX(I$14:I$114,$A228+1)+SUMPRODUCT(TRANSPOSE($E228:$G228),I$7:I$9)} -> 0.048828024 | J228: {=INDEX(J$14:J$114,$A228+1)+SUMPRODUCT(TRANSPOSE($E228:$G228),J$7:J$9)} -> 0.04855445 | K228: {=INDEX(K$14:K$114,$A228+1)+SUMPRODUCT(TRANSPOSE($E228:$G228),K$7:K$9)} -> 0.048277944 | L228: {=INDEX(L$14:L$114,$A228+1)+SUMPRODUCT(TRANSPOSE($E228:$G228),L$7:L$9)} -> 0.047999452 | M228: {=INDEX(M$14:M$114,$A228+1)+SUMPRODUCT(TRANSPOSE($E228:$G228),M$7:M$9)} -> 0.047719783 | N228: {=INDEX(N$14:N$114,$A228+1)+SUMPRODUCT(TRANSPOSE($E228:$G228),N$7:N$9)} -> 0.047439626 | O228: {=INDEX(O$14:O$114,$A228+1)+SUMPRODUCT(TRANSPOSE($E228:$G228),O$7:O$9)} -> 0.047159558 | P228: {=INDEX(P$14:P$114,$A228+1)+SUMPRODUCT(TRANSPOSE($E228:$G228),P$7:P$9)} -> 0.046880062 | ... DD228: {=INDEX(DD$14:DD$114,$A228+1)+SUMPRODUCT(TRANSPOSE($E228:$G228),DD$7:DD$9)} -> 0.0537163
A229: =A128 -> 13 | B229: =B128+1 -> 2 | C229: =C128 -> 12 | D229: =D128 -> 156 | E229: =E228 -> 0.015 | F229: =F228 -> 0.015 | G229: =G228 -> 0.015 | H229: =B229*10000+D229 -> 20156 | I229: {=INDEX(I$14:I$114,$A229+1)+SUMPRODUCT(TRANSPOSE($E229:$G229),I$7:I$9)} -> 0.048280949 | J229: {=INDEX(J$14:J$114,$A229+1)+SUMPRODUCT(TRANSPOSE($E229:$G229),J$7:J$9)} -> 0.048003014 | K229: {=INDEX(K$14:K$114,$A229+1)+SUMPRODUCT(TRANSPOSE($E229:$G229),K$7:K$9)} -> 0.047723409 | L229: {=INDEX(L$14:L$114,$A229+1)+SUMPRODUCT(TRANSPOSE($E229:$G229),L$7:L$9)} -> 0.047442909 | M229: {=INDEX(M$14:M$114,$A229+1)+SUMPRODUCT(TRANSPOSE($E229:$G229),M$7:M$9)} -> 0.04716217 | N229: {=INDEX(N$14:N$114,$A229+1)+SUMPRODUCT(TRANSPOSE($E229:$G229),N$7:N$9)} -> 0.046881742 | O229: {=INDEX(O$14:O$114,$A229+1)+SUMPRODUCT(TRANSPOSE($E229:$G229),O$7:O$9)} -> 0.046602081 | P229: {=INDEX(P$14:P$114,$A229+1)+SUMPRODUCT(TRANSPOSE($E229:$G229),P$7:P$9)} -> 0.045885291 | ... DD229: {=INDEX(DD$14:DD$114,$A229+1)+SUMPRODUCT(TRANSPOSE($E229:$G229),DD$7:DD$9)} -> 0.0537163
A230: =A129 -> 14 | B230: =B129+1 -> 2 | C230: =C129 -> 12 | D230: =D129 -> 168 | E230: =E229 -> 0.015 | F230: =F229 -> 0.015 | G230: =G229 -> 0.015 | H230: =B230*10000+D230 -> 20168 | I230: {=INDEX(I$14:I$114,$A230+1)+SUMPRODUCT(TRANSPOSE($E230:$G230),I$7:I$9)} -> 0.047725153 | J230: {=INDEX(J$14:J$114,$A230+1)+SUMPRODUCT(TRANSPOSE($E230:$G230),J$7:J$9)} -> 0.047444752 | K230: {=INDEX(K$14:K$114,$A230+1)+SUMPRODUCT(TRANSPOSE($E230:$G230),K$7:K$9)} -> 0.047163713 | L230: {=INDEX(L$14:L$114,$A230+1)+SUMPRODUCT(TRANSPOSE($E230:$G230),L$7:L$9)} -> 0.046882665 | M230: {=INDEX(M$14:M$114,$A230+1)+SUMPRODUCT(TRANSPOSE($E230:$G230),M$7:M$9)} -> 0.046602128 | N230: {=INDEX(N$14:N$114,$A230+1)+SUMPRODUCT(TRANSPOSE($E230:$G230),N$7:N$9)} -> 0.046322535 | O230: {=INDEX(O$14:O$114,$A230+1)+SUMPRODUCT(TRANSPOSE($E230:$G230),O$7:O$9)} -> 0.045543508 | P230: {=INDEX(P$14:P$114,$A230+1)+SUMPRODUCT(TRANSPOSE($E230:$G230),P$7:P$9)} -> 0.044849657 | ... DD230: {=INDEX(DD$14:DD$114,$A230+1)+SUMPRODUCT(TRANSPOSE($E230:$G230),DD$7:DD$9)} -> 0.0537163
A231: =A130 -> 15 | B231: =B130+1 -> 2 | C231: =C130 -> 12 | D231: =D130 -> 180 | E231: =E230 -> 0.015 | F231: =F230 -> 0.015 | G231: =G230 -> 0.015 | H231: =B231*10000+D231 -> 20180 | I231: {=INDEX(I$14:I$114,$A231+1)+SUMPRODUCT(TRANSPOSE($E231:$G231),I$7:I$9)} -> 0.047164428 | J231: {=INDEX(J$14:J$114,$A231+1)+SUMPRODUCT(TRANSPOSE($E231:$G231),J$7:J$9)} -> 0.046883108 | K231: {=INDEX(K$14:K$114,$A231+1)+SUMPRODUCT(TRANSPOSE($E231:$G231),K$7:K$9)} -> 0.046601988 | L231: {=INDEX(L$14:L$114,$A231+1)+SUMPRODUCT(TRANSPOSE($E231:$G231),L$7:L$9)} -> 0.046321562 | M231: {=INDEX(M$14:M$114,$A231+1)+SUMPRODUCT(TRANSPOSE($E231:$G231),M$7:M$9)} -> 0.04604224 | N231: {=INDEX(N$14:N$114,$A231+1)+SUMPRODUCT(TRANSPOSE($E231:$G231),N$7:N$9)} -> 0.045180349 | O231: {=INDEX(O$14:O$114,$A231+1)+SUMPRODUCT(TRANSPOSE($E231:$G231),O$7:O$9)} -> 0.044439526 | P231: {=INDEX(P$14:P$114,$A231+1)+SUMPRODUCT(TRANSPOSE($E231:$G231),P$7:P$9)} -> 0.043775182 | ... DD231: {=INDEX(DD$14:DD$114,$A231+1)+SUMPRODUCT(TRANSPOSE($E231:$G231),DD$7:DD$9)} -> 0.0537163
A232: =A131 -> 16 | B232: =B131+1 -> 2 | C232: =C131 -> 12 | D232: =D131 -> 192 | E232: =E231 -> 0.015 | F232: =F231 -> 0.015 | G232: =G231 -> 0.015 | H232: =B232*10000+D232 -> 20192 | I232: {=INDEX(I$14:I$114,$A232+1)+SUMPRODUCT(TRANSPOSE($E232:$G232),I$7:I$9)} -> 0.046601865 | J232: {=INDEX(J$14:J$114,$A232+1)+SUMPRODUCT(TRANSPOSE($E232:$G232),J$7:J$9)} -> 0.046320883 | K232: {=INDEX(K$14:K$114,$A232+1)+SUMPRODUCT(TRANSPOSE($E232:$G232),K$7:K$9)} -> 0.04604076 | L232: {=INDEX(L$14:L$114,$A232+1)+SUMPRODUCT(TRANSPOSE($E232:$G232),L$7:L$9)} -> 0.045761884 | M232: {=INDEX(M$14:M$114,$A232+1)+SUMPRODUCT(TRANSPOSE($E232:$G232),M$7:M$9)} -> 0.044783992 | N232: {=INDEX(N$14:N$114,$A232+1)+SUMPRODUCT(TRANSPOSE($E232:$G232),N$7:N$9)} -> 0.043986076 | O232: {=INDEX(O$14:O$114,$A232+1)+SUMPRODUCT(TRANSPOSE($E232:$G232),O$7:O$9)} -> 0.043291913 | P232: {=INDEX(P$14:P$114,$A232+1)+SUMPRODUCT(TRANSPOSE($E232:$G232),P$7:P$9)} -> 0.04266346 | ... DD232: {=INDEX(DD$14:DD$114,$A232+1)+SUMPRODUCT(TRANSPOSE($E232:$G232),DD$7:DD$9)} -> 0.0537163
A233: =A132 -> 17 | B233: =B132+1 -> 2 | C233: =C132 -> 12 | D233: =D132 -> 204 | E233: =E232 -> 0.015 | F233: =F232 -> 0.015 | G233: =G232 -> 0.015 | H233: =B233*10000+D233 -> 20204 | I233: {=INDEX(I$14:I$114,$A233+1)+SUMPRODUCT(TRANSPOSE($E233:$G233),I$7:I$9)} -> 0.046039978 | J233: {=INDEX(J$14:J$114,$A233+1)+SUMPRODUCT(TRANSPOSE($E233:$G233),J$7:J$9)} -> 0.045760322 | K233: {=INDEX(K$14:K$114,$A233+1)+SUMPRODUCT(TRANSPOSE($E233:$G233),K$7:K$9)} -> 0.045482042 | L233: {=INDEX(L$14:L$114,$A233+1)+SUMPRODUCT(TRANSPOSE($E233:$G233),L$7:L$9)} -> 0.044330024 | M233: {=INDEX(M$14:M$114,$A233+1)+SUMPRODUCT(TRANSPOSE($E233:$G233),M$7:M$9)} -> 0.043463714 | N233: {=INDEX(N$14:N$114,$A233+1)+SUMPRODUCT(TRANSPOSE($E233:$G233),N$7:N$9)} -> 0.042741288 | O233: {=INDEX(O$14:O$114,$A233+1)+SUMPRODUCT(TRANSPOSE($E233:$G233),O$7:O$9)} -> 0.042102059 | P233: {=INDEX(P$14:P$114,$A233+1)+SUMPRODUCT(TRANSPOSE($E233:$G233),P$7:P$9)} -> 0.041515726 | ... DD233: {=INDEX(DD$14:DD$114,$A233+1)+SUMPRODUCT(TRANSPOSE($E233:$G233),DD$7:DD$9)} -> 0.0537163
A234: =A133 -> 18 | B234: =B133+1 -> 2 | C234: =C133 -> 12 | D234: =D133 -> 216 | E234: =E233 -> 0.015 | F234: =F233 -> 0.015 | G234: =G233 -> 0.015 | H234: =B234*10000+D234 -> 20216 | I234: {=INDEX(I$14:I$114,$A234+1)+SUMPRODUCT(TRANSPOSE($E234:$G234),I$7:I$9)} -> 0.045480742 | J234: {=INDEX(J$14:J$114,$A234+1)+SUMPRODUCT(TRANSPOSE($E234:$G234),J$7:J$9)} -> 0.045203188 | K234: {=INDEX(K$14:K$114,$A234+1)+SUMPRODUCT(TRANSPOSE($E234:$G234),K$7:K$9)} -> 0.04376067 | L234: {=INDEX(L$14:L$114,$A234+1)+SUMPRODUCT(TRANSPOSE($E234:$G234),L$7:L$9)} -> 0.042820655 | M234: {=INDEX(M$14:M$114,$A234+1)+SUMPRODUCT(TRANSPOSE($E234:$G234),M$7:M$9)} -> 0.042082817 | N234: {=INDEX(N$14:N$114,$A234+1)+SUMPRODUCT(TRANSPOSE($E234:$G234),N$7:N$9)} -> 0.041447203 | O234: {=INDEX(O$14:O$114,$A234+1)+SUMPRODUCT(TRANSPOSE($E234:$G234),O$7:O$9)} -> 0.040871027 | P234: {=INDEX(P$14:P$114,$A234+1)+SUMPRODUCT(TRANSPOSE($E234:$G234),P$7:P$9)} -> 0.040332907 | ... DD234: {=INDEX(DD$14:DD$114,$A234+1)+SUMPRODUCT(TRANSPOSE($E234:$G234),DD$7:DD$9)} -> 0.0537163
A235: =A134 -> 19 | B235: =B134+1 -> 2 | C235: =C134 -> 12 | D235: =D134 -> 228 | E235: =E234 -> 0.015 | F235: =F234 -> 0.015 | G235: =G234 -> 0.015 | H235: =B235*10000+D235 -> 20228 | I235: {=INDEX(I$14:I$114,$A235+1)+SUMPRODUCT(TRANSPOSE($E235:$G235),I$7:I$9)} -> 0.044925709 | J235: {=INDEX(J$14:J$114,$A235+1)+SUMPRODUCT(TRANSPOSE($E235:$G235),J$7:J$9)} -> 0.04290171 | K235: {=INDEX(K$14:K$114,$A235+1)+SUMPRODUCT(TRANSPOSE($E235:$G235),K$7:K$9)} -> 0.041935486 | L235: {=INDEX(L$14:L$114,$A235+1)+SUMPRODUCT(TRANSPOSE($E235:$G235),L$7:L$9)} -> 0.041235088 | M235: {=INDEX(M$14:M$114,$A235+1)+SUMPRODUCT(TRANSPOSE($E235:$G235),M$7:M$9)} -> 0.040642392 | N235: {=INDEX(N$14:N$114,$A235+1)+SUMPRODUCT(TRANSPOSE($E235:$G235),N$7:N$9)} -> 0.040104749 | O235: {=INDEX(O$14:O$114,$A235+1)+SUMPRODUCT(TRANSPOSE($E235:$G235),O$7:O$9)} -> 0.039599605 | P235: {=INDEX(P$14:P$114,$A235+1)+SUMPRODUCT(TRANSPOSE($E235:$G235),P$7:P$9)} -> 0.039115673 | ... DD235: {=INDEX(DD$14:DD$114,$A235+1)+SUMPRODUCT(TRANSPOSE($E235:$G235),DD$7:DD$9)} -> 0.0537163
A236: =A135 -> 20 | B236: =B135+1 -> 2 | C236: =C135 -> 12 | D236: =D135 -> 240 | E236: =E235 -> 0.015 | F236: =F235 -> 0.015 | G236: =G235 -> 0.015 | H236: =B236*10000+D236 -> 20240 | I236: {=INDEX(I$14:I$114,$A236+1)+SUMPRODUCT(TRANSPOSE($E236:$G236),I$7:I$9)} -> 0.04088169 | J236: {=INDEX(J$14:J$114,$A236+1)+SUMPRODUCT(TRANSPOSE($E236:$G236),J$7:J$9)} -> 0.040443632 | K236: {=INDEX(K$14:K$114,$A236+1)+SUMPRODUCT(TRANSPOSE($E236:$G236),K$7:K$9)} -> 0.040007822 | L236: {=INDEX(L$14:L$114,$A236+1)+SUMPRODUCT(TRANSPOSE($E236:$G236),L$7:L$9)} -> 0.039574349 | M236: {=INDEX(M$14:M$114,$A236+1)+SUMPRODUCT(TRANSPOSE($E236:$G236),M$7:M$9)} -> 0.039143268 | N236: {=INDEX(N$14:N$114,$A236+1)+SUMPRODUCT(TRANSPOSE($E236:$G236),N$7:N$9)} -> 0.038714602 | O236: {=INDEX(O$14:O$114,$A236+1)+SUMPRODUCT(TRANSPOSE($E236:$G236),O$7:O$9)} -> 0.038288348 | P236: {=INDEX(P$14:P$114,$A236+1)+SUMPRODUCT(TRANSPOSE($E236:$G236),P$7:P$9)} -> 0.037864477 | ... DD236: {=INDEX(DD$14:DD$114,$A236+1)+SUMPRODUCT(TRANSPOSE($E236:$G236),DD$7:DD$9)} -> 0.0537163
A237: =A136 -> 21 | B237: =B136+1 -> 2 | C237: =C136 -> 12 | D237: =D136 -> 252 | E237: =E236 -> 0.015 | F237: =F236 -> 0.015 | G237: =G236 -> 0.015 | H237: =B237*10000+D237 -> 20252 | I237: {=INDEX(I$14:I$114,$A237+1)+SUMPRODUCT(TRANSPOSE($E237:$G237),I$7:I$9)} -> 0.040005761 | J237: {=INDEX(J$14:J$114,$A237+1)+SUMPRODUCT(TRANSPOSE($E237:$G237),J$7:J$9)} -> 0.039571168 | K237: {=INDEX(K$14:K$114,$A237+1)+SUMPRODUCT(TRANSPOSE($E237:$G237),K$7:K$9)} -> 0.03913894 | L237: {=INDEX(L$14:L$114,$A237+1)+SUMPRODUCT(TRANSPOSE($E237:$G237),L$7:L$9)} -> 0.038709124 | M237: {=INDEX(M$14:M$114,$A237+1)+SUMPRODUCT(TRANSPOSE($E237:$G237),M$7:M$9)} -> 0.038281735 | N237: {=INDEX(N$14:N$114,$A237+1)+SUMPRODUCT(TRANSPOSE($E237:$G237),N$7:N$9)} -> 0.037856762 | O237: {=INDEX(O$14:O$114,$A237+1)+SUMPRODUCT(TRANSPOSE($E237:$G237),O$7:O$9)} -> 0.037434172 | P237: {=INDEX(P$14:P$114,$A237+1)+SUMPRODUCT(TRANSPOSE($E237:$G237),P$7:P$9)} -> 0.037013915 | ... DD237: {=INDEX(DD$14:DD$114,$A237+1)+SUMPRODUCT(TRANSPOSE($E237:$G237),DD$7:DD$9)} -> 0.0537163
A238: =A137 -> 22 | B238: =B137+1 -> 2 | C238: =C137 -> 12 | D238: =D137 -> 264 | E238: =E237 -> 0.015 | F238: =F237 -> 0.015 | G238: =G237 -> 0.015 | H238: =B238*10000+D238 -> 20264 | I238: {=INDEX(I$14:I$114,$A238+1)+SUMPRODUCT(TRANSPOSE($E238:$G238),I$7:I$9)} -> 0.039136759 | J238: {=INDEX(J$14:J$114,$A238+1)+SUMPRODUCT(TRANSPOSE($E238:$G238),J$7:J$9)} -> 0.038705804 | K238: {=INDEX(K$14:K$114,$A238+1)+SUMPRODUCT(TRANSPOSE($E238:$G238),K$7:K$9)} -> 0.038277276 | L238: {=INDEX(L$14:L$114,$A238+1)+SUMPRODUCT(TRANSPOSE($E238:$G238),L$7:L$9)} -> 0.037851181 | M238: {=INDEX(M$14:M$114,$A238+1)+SUMPRODUCT(TRANSPOSE($E238:$G238),M$7:M$9)} -> 0.037427503 | N238: {=INDEX(N$14:N$114,$A238+1)+SUMPRODUCT(TRANSPOSE($E238:$G238),N$7:N$9)} -> 0.037006202 | O238: {=INDEX(O$14:O$114,$A238+1)+SUMPRODUCT(TRANSPOSE($E238:$G238),O$7:O$9)} -> 0.036587222 | P238: {=INDEX(P$14:P$114,$A238+1)+SUMPRODUCT(TRANSPOSE($E238:$G238),P$7:P$9)} -> 0.036170491 | ... DD238: {=INDEX(DD$14:DD$114,$A238+1)+SUMPRODUCT(TRANSPOSE($E238:$G238),DD$7:DD$9)} -> 0.0537163
... A316: =A215 -> 100 | B316: =B215+1 -> 2 | C316: =C215 -> 12 | D316: =D215 -> 1200 | E316: =E315 -> 0.015 | F316: =F315 -> 0.015 | G316: =G315 -> 0.015 | H316: =B316*10000+D316 -> 21200 | I316: {=INDEX(I$14:I$114,$A316+1)+SUMPRODUCT(TRANSPOSE($E316:$G316),I$7:I$9)} -> 0.057 | J316: {=INDEX(J$14:J$114,$A316+1)+SUMPRODUCT(TRANSPOSE($E316:$G316),J$7:J$9)} -> 0.057 | K316: {=INDEX(K$14:K$114,$A316+1)+SUMPRODUCT(TRANSPOSE($E316:$G316),K$7:K$9)} -> 0.057 | L316: {=INDEX(L$14:L$114,$A316+1)+SUMPRODUCT(TRANSPOSE($E316:$G316),L$7:L$9)} -> 0.057 | M316: {=INDEX(M$14:M$114,$A316+1)+SUMPRODUCT(TRANSPOSE($E316:$G316),M$7:M$9)} -> 0.057 | N316: {=INDEX(N$14:N$114,$A316+1)+SUMPRODUCT(TRANSPOSE($E316:$G316),N$7:N$9)} -> 0.057 | O316: {=INDEX(O$14:O$114,$A316+1)+SUMPRODUCT(TRANSPOSE($E316:$G316),O$7:O$9)} -> 0.057 | P316: {=INDEX(P$14:P$114,$A316+1)+SUMPRODUCT(TRANSPOSE($E316:$G316),P$7:P$9)} -> 0.057 | ... DD316: {=INDEX(DD$14:DD$114,$A316+1)+SUMPRODUCT(TRANSPOSE($E316:$G316),DD$7:DD$9)} -> 0.0537163
A317: =A216 -> 0 | B317: =B216+1 -> 3 | C317: =C216 -> 12 | D317: =D216 -> 0 | E317: 0 | F317: 0 | G317: 0 | H317: =B317*10000+D317 -> 30000 | I317: {=INDEX(I$14:I$114,$A317+1)+SUMPRODUCT(TRANSPOSE($E317:$G317),I$7:I$9)} -> 0.044490912 | J317: {=INDEX(J$14:J$114,$A317+1)+SUMPRODUCT(TRANSPOSE($E317:$G317),J$7:J$9)} -> 0.043834498 | K317: {=INDEX(K$14:K$114,$A317+1)+SUMPRODUCT(TRANSPOSE($E317:$G317),K$7:K$9)} -> 0.041829148 | L317: {=INDEX(L$14:L$114,$A317+1)+SUMPRODUCT(TRANSPOSE($E317:$G317),L$7:L$9)} -> 0.04063536 | M317: {=INDEX(M$14:M$114,$A317+1)+SUMPRODUCT(TRANSPOSE($E317:$G317),M$7:M$9)} -> 0.039398721 | N317: {=INDEX(N$14:N$114,$A317+1)+SUMPRODUCT(TRANSPOSE($E317:$G317),N$7:N$9)} -> 0.038681191 | O317: {=INDEX(O$14:O$114,$A317+1)+SUMPRODUCT(TRANSPOSE($E317:$G317),O$7:O$9)} -> 0.037930662 | P317: {=INDEX(P$14:P$114,$A317+1)+SUMPRODUCT(TRANSPOSE($E317:$G317),P$7:P$9)} -> 0.037522551 | ... DD317: {=INDEX(DD$14:DD$114,$A317+1)+SUMPRODUCT(TRANSPOSE($E317:$G317),DD$7:DD$9)} -> 0.0387163
A318: =A217 -> 1 | B318: =B217+1 -> 3 | C318: =C217 -> 12 | D318: =D217 -> 12 | E318: =E317-0.003 -> -0.003 | F318: =F317-0.003 -> -0.003 | G318: =G317-0.003 -> -0.003 | H318: =B318*10000+D318 -> 30012 | I318: {=INDEX(I$14:I$114,$A318+1)+SUMPRODUCT(TRANSPOSE($E318:$G318),I$7:I$9)} -> 0.040178496 | J318: {=INDEX(J$14:J$114,$A318+1)+SUMPRODUCT(TRANSPOSE($E318:$G318),J$7:J$9)} -> 0.03750081 | K318: {=INDEX(K$14:K$114,$A318+1)+SUMPRODUCT(TRANSPOSE($E318:$G318),K$7:K$9)} -> 0.036353342 | L318: {=INDEX(L$14:L$114,$A318+1)+SUMPRODUCT(TRANSPOSE($E318:$G318),L$7:L$9)} -> 0.035129557 | M318: {=INDEX(M$14:M$114,$A318+1)+SUMPRODUCT(TRANSPOSE($E318:$G318),M$7:M$9)} -> 0.034523131 | N318: {=INDEX(N$14:N$114,$A318+1)+SUMPRODUCT(TRANSPOSE($E318:$G318),N$7:N$9)} -> 0.033841299 | O318: {=INDEX(O$14:O$114,$A318+1)+SUMPRODUCT(TRANSPOSE($E318:$G318),O$7:O$9)} -> 0.033530873 | P318: {=INDEX(P$14:P$114,$A318+1)+SUMPRODUCT(TRANSPOSE($E318:$G318),P$7:P$9)} -> 0.033167787 | ... DD318: {=INDEX(DD$14:DD$114,$A318+1)+SUMPRODUCT(TRANSPOSE($E318:$G318),DD$7:DD$9)} -> 0.0357163
A319: =A218 -> 2 | B319: =B218+1 -> 3 | C319: =C218 -> 12 | D319: =D218 -> 24 | E319: =E318-0.003 -> -0.006 | F319: =F318-0.003 -> -0.006 | G319: =G318-0.003 -> -0.006 | H319: =B319*10000+D319 -> 30024 | I319: {=INDEX(I$14:I$114,$A319+1)+SUMPRODUCT(TRANSPOSE($E319:$G319),I$7:I$9)} -> 0.031829998 | J319: {=INDEX(J$14:J$114,$A319+1)+SUMPRODUCT(TRANSPOSE($E319:$G319),J$7:J$9)} -> 0.031446027 | K319: {=INDEX(K$14:K$114,$A319+1)+SUMPRODUCT(TRANSPOSE($E319:$G319),K$7:K$9)} -> 0.030452014 | L319: {=INDEX(L$14:L$114,$A319+1)+SUMPRODUCT(TRANSPOSE($E319:$G319),L$7:L$9)} -> 0.030114086 | M319: {=INDEX(M$14:M$114,$A319+1)+SUMPRODUCT(TRANSPOSE($E319:$G319),M$7:M$9)} -> 0.029578487 | N319: {=INDEX(N$14:N$114,$A319+1)+SUMPRODUCT(TRANSPOSE($E319:$G319),N$7:N$9)} -> 0.029427062 | O319: {=INDEX(O$14:O$114,$A319+1)+SUMPRODUCT(TRANSPOSE($E319:$G319),O$7:O$9)} -> 0.029170111 | P319: {=INDEX(P$14:P$114,$A319+1)+SUMPRODUCT(TRANSPOSE($E319:$G319),P$7:P$9)} -> 0.028841882 | ... DD319: {=INDEX(DD$14:DD$114,$A319+1)+SUMPRODUCT(TRANSPOSE($E319:$G319),DD$7:DD$9)} -> 0.0327163
A320: =A219 -> 3 | B320: =B219+1 -> 3 | C320: =C219 -> 12 | D320: =D219 -> 36 | E320: =E319-0.003 -> -0.009 | F320: =F319-0.003 -> -0.009 | G320: =G319-0.003 -> -0.009 | H320: =B320*10000+D320 -> 30036 | I320: {=INDEX(I$14:I$114,$A320+1)+SUMPRODUCT(TRANSPOSE($E320:$G320),I$7:I$9)} -> 0.028062199 | J320: {=INDEX(J$14:J$114,$A320+1)+SUMPRODUCT(TRANSPOSE($E320:$G320),J$7:J$9)} -> 0.026763708 | K320: {=INDEX(K$14:K$114,$A320+1)+SUMPRODUCT(TRANSPOSE($E320:$G320),K$7:K$9)} -> 0.026542746 | L320: {=INDEX(L$14:L$114,$A320+1)+SUMPRODUCT(TRANSPOSE($E320:$G320),L$7:L$9)} -> 0.026016373 | M320: {=INDEX(M$14:M$114,$A320+1)+SUMPRODUCT(TRANSPOSE($E320:$G320),M$7:M$9)} -> 0.025947143 | N320: {=INDEX(N$14:N$114,$A320+1)+SUMPRODUCT(TRANSPOSE($E320:$G320),N$7:N$9)} -> 0.02572746 | O320: {=INDEX(O$14:O$114,$A320+1)+SUMPRODUCT(TRANSPOSE($E320:$G320),O$7:O$9)} -> 0.025415712 | P320: {=INDEX(P$14:P$114,$A320+1)+SUMPRODUCT(TRANSPOSE($E320:$G320),P$7:P$9)} -> 0.025473329 | ... DD320: {=INDEX(DD$14:DD$114,$A320+1)+SUMPRODUCT(TRANSPOSE($E320:$G320),DD$7:DD$9)} -> 0.0297163
A321: =A220 -> 4 | B321: =B220+1 -> 3 | C321: =C220 -> 12 | D321: =D220 -> 48 | E321: =E320-0.003 -> -0.012 | F321: =F320-0.003 -> -0.012 | G321: =G320-0.003 -> -0.012 | H321: =B321*10000+D321 -> 30048 | I321: {=INDEX(I$14:I$114,$A321+1)+SUMPRODUCT(TRANSPOSE($E321:$G321),I$7:I$9)} -> 0.022466842 | J321: {=INDEX(J$14:J$114,$A321+1)+SUMPRODUCT(TRANSPOSE($E321:$G321),J$7:J$9)} -> 0.022783855 | K321: {=INDEX(K$14:K$114,$A321+1)+SUMPRODUCT(TRANSPOSE($E321:$G321),K$7:K$9)} -> 0.022335329 | L321: {=INDEX(L$14:L$114,$A321+1)+SUMPRODUCT(TRANSPOSE($E321:$G321),L$7:L$9)} -> 0.022419053 | M321: {=INDEX(M$14:M$114,$A321+1)+SUMPRODUCT(TRANSPOSE($E321:$G321),M$7:M$9)} -> 0.022261143 | N321: {=INDEX(N$14:N$114,$A321+1)+SUMPRODUCT(TRANSPOSE($E321:$G321),N$7:N$9)} -> 0.021975288 | O321: {=INDEX(O$14:O$114,$A321+1)+SUMPRODUCT(TRANSPOSE($E321:$G321),O$7:O$9)} -> 0.022104019 | P321: {=INDEX(P$14:P$114,$A321+1)+SUMPRODUCT(TRANSPOSE($E321:$G321),P$7:P$9)} -> 0.022136237 | ... DD321: {=INDEX(DD$14:DD$114,$A321+1)+SUMPRODUCT(TRANSPOSE($E321:$G321),DD$7:DD$9)} -> 0.0267163
A322: =A221 -> 5 | B322: =B221+1 -> 3 | C322: =C221 -> 12 | D322: =D221 -> 60 | E322: =E321-0.003 -> -0.015 | F322: =F321-0.003 -> -0.015 | G322: =G321-0.003 -> -0.015 | H322: =B322*10000+D322 -> 30060 | I322: {=INDEX(I$14:I$114,$A322+1)+SUMPRODUCT(TRANSPOSE($E322:$G322),I$7:I$9)} -> 0.020100965 | J322: {=INDEX(J$14:J$114,$A322+1)+SUMPRODUCT(TRANSPOSE($E322:$G322),J$7:J$9)} -> 0.019269578 | K322: {=INDEX(K$14:K$114,$A322+1)+SUMPRODUCT(TRANSPOSE($E322:$G322),K$7:K$9)} -> 0.019403124 | L322: {=INDEX(L$14:L$114,$A322+1)+SUMPRODUCT(TRANSPOSE($E322:$G322),L$7:L$9)} -> 0.019209724 | M322: {=INDEX(M$14:M$114,$A322+1)+SUMPRODUCT(TRANSPOSE($E322:$G322),M$7:M$9)} -> 0.018877005 | N322: {=INDEX(N$14:N$114,$A322+1)+SUMPRODUCT(TRANSPOSE($E322:$G322),N$7:N$9)} -> 0.019043561 | O322: {=INDEX(O$14:O$114,$A322+1)+SUMPRODUCT(TRANSPOSE($E322:$G322),O$7:O$9)} -> 0.019089017 | P322: {=INDEX(P$14:P$114,$A322+1)+SUMPRODUCT(TRANSPOSE($E322:$G322),P$7:P$9)} -> 0.019056389 | ... DD322: {=INDEX(DD$14:DD$114,$A322+1)+SUMPRODUCT(TRANSPOSE($E322:$G322),DD$7:DD$9)} -> 0.0237163
A323: =A222 -> 6 | B323: =B222+1 -> 3 | C323: =C222 -> 12 | D323: =D222 -> 72 | E323: =E322+0.003 -> -0.012 | F323: =F322+0.003 -> -0.012 | G323: =G322+0.003 -> -0.012 | H323: =B323*10000+D323 -> 30072 | I323: {=INDEX(I$14:I$114,$A323+1)+SUMPRODUCT(TRANSPOSE($E323:$G323),I$7:I$9)} -> 0.021438859 | J323: {=INDEX(J$14:J$114,$A323+1)+SUMPRODUCT(TRANSPOSE($E323:$G323),J$7:J$9)} -> 0.02205438 | K323: {=INDEX(K$14:K$114,$A323+1)+SUMPRODUCT(TRANSPOSE($E323:$G323),K$7:K$9)} -> 0.021912815 | L323: {=INDEX(L$14:L$114,$A323+1)+SUMPRODUCT(TRANSPOSE($E323:$G323),L$7:L$9)} -> 0.021571241 | M323: {=INDEX(M$14:M$114,$A323+1)+SUMPRODUCT(TRANSPOSE($E323:$G323),M$7:M$9)} -> 0.021832209 | N323: {=INDEX(N$14:N$114,$A323+1)+SUMPRODUCT(TRANSPOSE($E323:$G323),N$7:N$9)} -> 0.021920455 | O323: {=INDEX(O$14:O$114,$A323+1)+SUMPRODUCT(TRANSPOSE($E323:$G323),O$7:O$9)} -> 0.02190725 | P323: {=INDEX(P$14:P$114,$A323+1)+SUMPRODUCT(TRANSPOSE($E323:$G323),P$7:P$9)} -> 0.021828941 | ... DD323: {=INDEX(DD$14:DD$114,$A323+1)+SUMPRODUCT(TRANSPOSE($E323:$G323),DD$7:DD$9)} -> 0.0267163
A324: =A223 -> 7 | B324: =B223+1 -> 3 | C324: =C223 -> 12 | D324: =D223 -> 84 | E324: =E323+0.003 -> -0.009 | F324: =F323+0.003 -> -0.009 | G324: =G323+0.003 -> -0.009 | H324: =B324*10000+D324 -> 30084 | I324: {=INDEX(I$14:I$114,$A324+1)+SUMPRODUCT(TRANSPOSE($E324:$G324),I$7:I$9)} -> 0.025670267 | J324: {=INDEX(J$14:J$114,$A324+1)+SUMPRODUCT(TRANSPOSE($E324:$G324),J$7:J$9)} -> 0.025149874 | K324: {=INDEX(K$14:K$114,$A324+1)+SUMPRODUCT(TRANSPOSE($E324:$G324),K$7:K$9)} -> 0.024615372 | L324: {=INDEX(L$14:L$114,$A324+1)+SUMPRODUCT(TRANSPOSE($E324:$G324),L$7:L$9)} -> 0.02493057 | M324: {=INDEX(M$14:M$114,$A324+1)+SUMPRODUCT(TRANSPOSE($E324:$G324),M$7:M$9)} -> 0.025016801 | N324: {=INDEX(N$14:N$114,$A324+1)+SUMPRODUCT(TRANSPOSE($E324:$G324),N$7:N$9)} -> 0.024985336 | O324: {=INDEX(O$14:O$114,$A324+1)+SUMPRODUCT(TRANSPOSE($E324:$G324),O$7:O$9)} -> 0.02488468 | P324: {=INDEX(P$14:P$114,$A324+1)+SUMPRODUCT(TRANSPOSE($E324:$G324),P$7:P$9)} -> 0.024739668 | ... DD324: {=INDEX(DD$14:DD$114,$A324+1)+SUMPRODUCT(TRANSPOSE($E324:$G324),DD$7:DD$9)} -> 0.0297163
A325: =A224 -> 8 | B325: =B224+1 -> 3 | C325: =C224 -> 12 | D325: =D224 -> 96 | E325: =E324+0.003 -> -0.006 | F325: =F324+0.003 -> -0.006 | G325: =G324+0.003 -> -0.006 | H325: =B325*10000+D325 -> 30096 | I325: {=INDEX(I$14:I$114,$A325+1)+SUMPRODUCT(TRANSPOSE($E325:$G325),I$7:I$9)} -> 0.027629743 | J325: {=INDEX(J$14:J$114,$A325+1)+SUMPRODUCT(TRANSPOSE($E325:$G325),J$7:J$9)} -> 0.027088328 | K325: {=INDEX(K$14:K$114,$A325+1)+SUMPRODUCT(TRANSPOSE($E325:$G325),K$7:K$9)} -> 0.027684122 | L325: {=INDEX(L$14:L$114,$A325+1)+SUMPRODUCT(TRANSPOSE($E325:$G325),L$7:L$9)} -> 0.027853499 | M325: {=INDEX(M$14:M$114,$A325+1)+SUMPRODUCT(TRANSPOSE($E325:$G325),M$7:M$9)} -> 0.027848404 | N325: {=INDEX(N$14:N$114,$A325+1)+SUMPRODUCT(TRANSPOSE($E325:$G325),N$7:N$9)} -> 0.027753806 | O325: {=INDEX(O$14:O$114,$A325+1)+SUMPRODUCT(TRANSPOSE($E325:$G325),O$7:O$9)} -> 0.027606793 | P325: {=INDEX(P$14:P$114,$A325+1)+SUMPRODUCT(TRANSPOSE($E325:$G325),P$7:P$9)} -> 0.027426387 | ... DD325: {=INDEX(DD$14:DD$114,$A325+1)+SUMPRODUCT(TRANSPOSE($E325:$G325),DD$7:DD$9)} -> 0.0327163
A326: =A225 -> 9 | B326: =B225+1 -> 3 | C326: =C225 -> 12 | D326: =D225 -> 108 | E326: =E325+0.003 -> -0.003 | F326: =F325+0.003 -> -0.003 | G326: =G325+0.003 -> -0.003 | H326: =B326*10000+D326 -> 30108 | I326: {=INDEX(I$14:I$114,$A326+1)+SUMPRODUCT(TRANSPOSE($E326:$G326),I$7:I$9)} -> 0.029547196 | J326: {=INDEX(J$14:J$114,$A326+1)+SUMPRODUCT(TRANSPOSE($E326:$G326),J$7:J$9)} -> 0.030711313 | K326: {=INDEX(K$14:K$114,$A326+1)+SUMPRODUCT(TRANSPOSE($E326:$G326),K$7:K$9)} -> 0.030928095 | L326: {=INDEX(L$14:L$114,$A326+1)+SUMPRODUCT(TRANSPOSE($E326:$G326),L$7:L$9)} -> 0.030903076 | M326: {=INDEX(M$14:M$114,$A326+1)+SUMPRODUCT(TRANSPOSE($E326:$G326),M$7:M$9)} -> 0.030778621 | N326: {=INDEX(N$14:N$114,$A326+1)+SUMPRODUCT(TRANSPOSE($E326:$G326),N$7:N$9)} -> 0.030602968 | O326: {=INDEX(O$14:O$114,$A326+1)+SUMPRODUCT(TRANSPOSE($E326:$G326),O$7:O$9)} -> 0.03039734 | P326: {=INDEX(P$14:P$114,$A326+1)+SUMPRODUCT(TRANSPOSE($E326:$G326),P$7:P$9)} -> 0.030172735 | ... DD326: {=INDEX(DD$14:DD$114,$A326+1)+SUMPRODUCT(TRANSPOSE($E326:$G326),DD$7:DD$9)} -> 0.0357163
A327: =A226 -> 10 | B327: =B226+1 -> 3 | C327: =C226 -> 12 | D327: =D226 -> 120 | E327: =E326+0.003 -> 0 | F327: =F326+0.003 -> 0 | G327: =G326+0.003 -> 0 | H327: =B327*10000+D327 -> 30120 | I327: {=INDEX(I$14:I$114,$A327+1)+SUMPRODUCT(TRANSPOSE($E327:$G327),I$7:I$9)} -> 0.034876743 | J327: {=INDEX(J$14:J$114,$A327+1)+SUMPRODUCT(TRANSPOSE($E327:$G327),J$7:J$9)} -> 0.034619237 | K327: {=INDEX(K$14:K$114,$A327+1)+SUMPRODUCT(TRANSPOSE($E327:$G327),K$7:K$9)} -> 0.034355432 | L327: {=INDEX(L$14:L$114,$A327+1)+SUMPRODUCT(TRANSPOSE($E327:$G327),L$7:L$9)} -> 0.034086706 | M327: {=INDEX(M$14:M$114,$A327+1)+SUMPRODUCT(TRANSPOSE($E327:$G327),M$7:M$9)} -> 0.033814252 | N327: {=INDEX(N$14:N$114,$A327+1)+SUMPRODUCT(TRANSPOSE($E327:$G327),N$7:N$9)} -> 0.033539098 | O327: {=INDEX(O$14:O$114,$A327+1)+SUMPRODUCT(TRANSPOSE($E327:$G327),O$7:O$9)} -> 0.033262128 | P327: {=INDEX(P$14:P$114,$A327+1)+SUMPRODUCT(TRANSPOSE($E327:$G327),P$7:P$9)} -> 0.032984098 | ... DD327: {=INDEX(DD$14:DD$114,$A327+1)+SUMPRODUCT(TRANSPOSE($E327:$G327),DD$7:DD$9)} -> 0.0387163
A328: =A227 -> 11 | B328: =B227+1 -> 3 | C328: =C227 -> 12 | D328: =D227 -> 132 | E328: =E327 -> 0 | F328: =F327 -> 0 | G328: =G327 -> 0 | H328: =B328*10000+D328 -> 30132 | I328: {=INDEX(I$14:I$114,$A328+1)+SUMPRODUCT(TRANSPOSE($E328:$G328),I$7:I$9)} -> 0.034361794 | J328: {=INDEX(J$14:J$114,$A328+1)+SUMPRODUCT(TRANSPOSE($E328:$G328),J$7:J$9)} -> 0.034094875 | K328: {=INDEX(K$14:K$114,$A328+1)+SUMPRODUCT(TRANSPOSE($E328:$G328),K$7:K$9)} -> 0.033823495 | L328: {=INDEX(L$14:L$114,$A328+1)+SUMPRODUCT(TRANSPOSE($E328:$G328),L$7:L$9)} -> 0.0335488 | M328: {=INDEX(M$14:M$114,$A328+1)+SUMPRODUCT(TRANSPOSE($E328:$G328),M$7:M$9)} -> 0.033271777 | N328: {=INDEX(N$14:N$114,$A328+1)+SUMPRODUCT(TRANSPOSE($E328:$G328),N$7:N$9)} -> 0.032993271 | O328: {=INDEX(O$14:O$114,$A328+1)+SUMPRODUCT(TRANSPOSE($E328:$G328),O$7:O$9)} -> 0.032714003 | P328: {=INDEX(P$14:P$114,$A328+1)+SUMPRODUCT(TRANSPOSE($E328:$G328),P$7:P$9)} -> 0.032434581 | ... DD328: {=INDEX(DD$14:DD$114,$A328+1)+SUMPRODUCT(TRANSPOSE($E328:$G328),DD$7:DD$9)} -> 0.0387163
A329: =A228 -> 12 | B329: =B228+1 -> 3 | C329: =C228 -> 12 | D329: =D228 -> 144 | E329: =E328 -> 0 | F329: =F328 -> 0 | G329: =G328 -> 0 | H329: =B329*10000+D329 -> 30144 | I329: {=INDEX(I$14:I$114,$A329+1)+SUMPRODUCT(TRANSPOSE($E329:$G329),I$7:I$9)} -> 0.033828024 | J329: {=INDEX(J$14:J$114,$A329+1)+SUMPRODUCT(TRANSPOSE($E329:$G329),J$7:J$9)} -> 0.03355445 | K329: {=INDEX(K$14:K$114,$A329+1)+SUMPRODUCT(TRANSPOSE($E329:$G329),K$7:K$9)} -> 0.033277944 | L329: {=INDEX(L$14:L$114,$A329+1)+SUMPRODUCT(TRANSPOSE($E329:$G329),L$7:L$9)} -> 0.032999452 | M329: {=INDEX(M$14:M$114,$A329+1)+SUMPRODUCT(TRANSPOSE($E329:$G329),M$7:M$9)} -> 0.032719783 | N329: {=INDEX(N$14:N$114,$A329+1)+SUMPRODUCT(TRANSPOSE($E329:$G329),N$7:N$9)} -> 0.032439626 | O329: {=INDEX(O$14:O$114,$A329+1)+SUMPRODUCT(TRANSPOSE($E329:$G329),O$7:O$9)} -> 0.032159558 | P329: {=INDEX(P$14:P$114,$A329+1)+SUMPRODUCT(TRANSPOSE($E329:$G329),P$7:P$9)} -> 0.031880062 | ... DD329: {=INDEX(DD$14:DD$114,$A329+1)+SUMPRODUCT(TRANSPOSE($E329:$G329),DD$7:DD$9)} -> 0.0387163
A330: =A229 -> 13 | B330: =B229+1 -> 3 | C330: =C229 -> 12 | D330: =D229 -> 156 | E330: =E329 -> 0 | F330: =F329 -> 0 | G330: =G329 -> 0 | H330: =B330*10000+D330 -> 30156 | I330: {=INDEX(I$14:I$114,$A330+1)+SUMPRODUCT(TRANSPOSE($E330:$G330),I$7:I$9)} -> 0.033280949 | J330: {=INDEX(J$14:J$114,$A330+1)+SUMPRODUCT(TRANSPOSE($E330:$G330),J$7:J$9)} -> 0.033003014 | K330: {=INDEX(K$14:K$114,$A330+1)+SUMPRODUCT(TRANSPOSE($E330:$G330),K$7:K$9)} -> 0.032723409 | L330: {=INDEX(L$14:L$114,$A330+1)+SUMPRODUCT(TRANSPOSE($E330:$G330),L$7:L$9)} -> 0.032442909 | M330: {=INDEX(M$14:M$114,$A330+1)+SUMPRODUCT(TRANSPOSE($E330:$G330),M$7:M$9)} -> 0.03216217 | N330: {=INDEX(N$14:N$114,$A330+1)+SUMPRODUCT(TRANSPOSE($E330:$G330),N$7:N$9)} -> 0.031881742 | O330: {=INDEX(O$14:O$114,$A330+1)+SUMPRODUCT(TRANSPOSE($E330:$G330),O$7:O$9)} -> 0.031602081 | P330: {=INDEX(P$14:P$114,$A330+1)+SUMPRODUCT(TRANSPOSE($E330:$G330),P$7:P$9)} -> 0.030885291 | ... DD330: {=INDEX(DD$14:DD$114,$A330+1)+SUMPRODUCT(TRANSPOSE($E330:$G330),DD$7:DD$9)} -> 0.0387163
A331: =A230 -> 14 | B331: =B230+1 -> 3 | C331: =C230 -> 12 | D331: =D230 -> 168 | E331: =E330 -> 0 | F331: =F330 -> 0 | G331: =G330 -> 0 | H331: =B331*10000+D331 -> 30168 | I331: {=INDEX(I$14:I$114,$A331+1)+SUMPRODUCT(TRANSPOSE($E331:$G331),I$7:I$9)} -> 0.032725153 | J331: {=INDEX(J$14:J$114,$A331+1)+SUMPRODUCT(TRANSPOSE($E331:$G331),J$7:J$9)} -> 0.032444752 | K331: {=INDEX(K$14:K$114,$A331+1)+SUMPRODUCT(TRANSPOSE($E331:$G331),K$7:K$9)} -> 0.032163713 | L331: {=INDEX(L$14:L$114,$A331+1)+SUMPRODUCT(TRANSPOSE($E331:$G331),L$7:L$9)} -> 0.031882665 | M331: {=INDEX(M$14:M$114,$A331+1)+SUMPRODUCT(TRANSPOSE($E331:$G331),M$7:M$9)} -> 0.031602128 | N331: {=INDEX(N$14:N$114,$A331+1)+SUMPRODUCT(TRANSPOSE($E331:$G331),N$7:N$9)} -> 0.031322535 | O331: {=INDEX(O$14:O$114,$A331+1)+SUMPRODUCT(TRANSPOSE($E331:$G331),O$7:O$9)} -> 0.030543508 | P331: {=INDEX(P$14:P$114,$A331+1)+SUMPRODUCT(TRANSPOSE($E331:$G331),P$7:P$9)} -> 0.029849657 | ... DD331: {=INDEX(DD$14:DD$114,$A331+1)+SUMPRODUCT(TRANSPOSE($E331:$G331),DD$7:DD$9)} -> 0.0387163
A332: =A231 -> 15 | B332: =B231+1 -> 3 | C332: =C231 -> 12 | D332: =D231 -> 180 | E332: =E331 -> 0 | F332: =F331 -> 0 | G332: =G331 -> 0 | H332: =B332*10000+D332 -> 30180 | I332: {=INDEX(I$14:I$114,$A332+1)+SUMPRODUCT(TRANSPOSE($E332:$G332),I$7:I$9)} -> 0.032164428 | J332: {=INDEX(J$14:J$114,$A332+1)+SUMPRODUCT(TRANSPOSE($E332:$G332),J$7:J$9)} -> 0.031883108 | K332: {=INDEX(K$14:K$114,$A332+1)+SUMPRODUCT(TRANSPOSE($E332:$G332),K$7:K$9)} -> 0.031601988 | L332: {=INDEX(L$14:L$114,$A332+1)+SUMPRODUCT(TRANSPOSE($E332:$G332),L$7:L$9)} -> 0.031321562 | M332: {=INDEX(M$14:M$114,$A332+1)+SUMPRODUCT(TRANSPOSE($E332:$G332),M$7:M$9)} -> 0.03104224 | N332: {=INDEX(N$14:N$114,$A332+1)+SUMPRODUCT(TRANSPOSE($E332:$G332),N$7:N$9)} -> 0.030180349 | O332: {=INDEX(O$14:O$114,$A332+1)+SUMPRODUCT(TRANSPOSE($E332:$G332),O$7:O$9)} -> 0.029439526 | P332: {=INDEX(P$14:P$114,$A332+1)+SUMPRODUCT(TRANSPOSE($E332:$G332),P$7:P$9)} -> 0.028775182 | ... DD332: {=INDEX(DD$14:DD$114,$A332+1)+SUMPRODUCT(TRANSPOSE($E332:$G332),DD$7:DD$9)} -> 0.0387163
A333: =A232 -> 16 | B333: =B232+1 -> 3 | C333: =C232 -> 12 | D333: =D232 -> 192 | E333: =E332 -> 0 | F333: =F332 -> 0 | G333: =G332 -> 0 | H333: =B333*10000+D333 -> 30192 | I333: {=INDEX(I$14:I$114,$A333+1)+SUMPRODUCT(TRANSPOSE($E333:$G333),I$7:I$9)} -> 0.031601865 | J333: {=INDEX(J$14:J$114,$A333+1)+SUMPRODUCT(TRANSPOSE($E333:$G333),J$7:J$9)} -> 0.031320883 | K333: {=INDEX(K$14:K$114,$A333+1)+SUMPRODUCT(TRANSPOSE($E333:$G333),K$7:K$9)} -> 0.03104076 | L333: {=INDEX(L$14:L$114,$A333+1)+SUMPRODUCT(TRANSPOSE($E333:$G333),L$7:L$9)} -> 0.030761884 | M333: {=INDEX(M$14:M$114,$A333+1)+SUMPRODUCT(TRANSPOSE($E333:$G333),M$7:M$9)} -> 0.029783992 | N333: {=INDEX(N$14:N$114,$A333+1)+SUMPRODUCT(TRANSPOSE($E333:$G333),N$7:N$9)} -> 0.028986076 | O333: {=INDEX(O$14:O$114,$A333+1)+SUMPRODUCT(TRANSPOSE($E333:$G333),O$7:O$9)} -> 0.028291913 | P333: {=INDEX(P$14:P$114,$A333+1)+SUMPRODUCT(TRANSPOSE($E333:$G333),P$7:P$9)} -> 0.02766346 | ... DD333: {=INDEX(DD$14:DD$114,$A333+1)+SUMPRODUCT(TRANSPOSE($E333:$G333),DD$7:DD$9)} -> 0.0387163
A334: =A233 -> 17 | B334: =B233+1 -> 3 | C334: =C233 -> 12 | D334: =D233 -> 204 | E334: =E333 -> 0 | F334: =F333 -> 0 | G334: =G333 -> 0 | H334: =B334*10000+D334 -> 30204 | I334: {=INDEX(I$14:I$114,$A334+1)+SUMPRODUCT(TRANSPOSE($E334:$G334),I$7:I$9)} -> 0.031039978 | J334: {=INDEX(J$14:J$114,$A334+1)+SUMPRODUCT(TRANSPOSE($E334:$G334),J$7:J$9)} -> 0.030760322 | K334: {=INDEX(K$14:K$114,$A334+1)+SUMPRODUCT(TRANSPOSE($E334:$G334),K$7:K$9)} -> 0.030482042 | L334: {=INDEX(L$14:L$114,$A334+1)+SUMPRODUCT(TRANSPOSE($E334:$G334),L$7:L$9)} -> 0.029330024 | M334: {=INDEX(M$14:M$114,$A334+1)+SUMPRODUCT(TRANSPOSE($E334:$G334),M$7:M$9)} -> 0.028463714 | N334: {=INDEX(N$14:N$114,$A334+1)+SUMPRODUCT(TRANSPOSE($E334:$G334),N$7:N$9)} -> 0.027741288 | O334: {=INDEX(O$14:O$114,$A334+1)+SUMPRODUCT(TRANSPOSE($E334:$G334),O$7:O$9)} -> 0.027102059 | P334: {=INDEX(P$14:P$114,$A334+1)+SUMPRODUCT(TRANSPOSE($E334:$G334),P$7:P$9)} -> 0.026515726 | ... DD334: {=INDEX(DD$14:DD$114,$A334+1)+SUMPRODUCT(TRANSPOSE($E334:$G334),DD$7:DD$9)} -> 0.0387163
A335: =A234 -> 18 | B335: =B234+1 -> 3 | C335: =C234 -> 12 | D335: =D234 -> 216 | E335: =E334 -> 0 | F335: =F334 -> 0 | G335: =G334 -> 0 | H335: =B335*10000+D335 -> 30216 | I335: {=INDEX(I$14:I$114,$A335+1)+SUMPRODUCT(TRANSPOSE($E335:$G335),I$7:I$9)} -> 0.030480742 | J335: {=INDEX(J$14:J$114,$A335+1)+SUMPRODUCT(TRANSPOSE($E335:$G335),J$7:J$9)} -> 0.030203188 | K335: {=INDEX(K$14:K$114,$A335+1)+SUMPRODUCT(TRANSPOSE($E335:$G335),K$7:K$9)} -> 0.02876067 | L335: {=INDEX(L$14:L$114,$A335+1)+SUMPRODUCT(TRANSPOSE($E335:$G335),L$7:L$9)} -> 0.027820655 | M335: {=INDEX(M$14:M$114,$A335+1)+SUMPRODUCT(TRANSPOSE($E335:$G335),M$7:M$9)} -> 0.027082817 | N335: {=INDEX(N$14:N$114,$A335+1)+SUMPRODUCT(TRANSPOSE($E335:$G335),N$7:N$9)} -> 0.026447203 | O335: {=INDEX(O$14:O$114,$A335+1)+SUMPRODUCT(TRANSPOSE($E335:$G335),O$7:O$9)} -> 0.025871027 | P335: {=INDEX(P$14:P$114,$A335+1)+SUMPRODUCT(TRANSPOSE($E335:$G335),P$7:P$9)} -> 0.025332907 | ... DD335: {=INDEX(DD$14:DD$114,$A335+1)+SUMPRODUCT(TRANSPOSE($E335:$G335),DD$7:DD$9)} -> 0.0387163
A336: =A235 -> 19 | B336: =B235+1 -> 3 | C336: =C235 -> 12 | D336: =D235 -> 228 | E336: =E335 -> 0 | F336: =F335 -> 0 | G336: =G335 -> 0 | H336: =B336*10000+D336 -> 30228 | I336: {=INDEX(I$14:I$114,$A336+1)+SUMPRODUCT(TRANSPOSE($E336:$G336),I$7:I$9)} -> 0.029925709 | J336: {=INDEX(J$14:J$114,$A336+1)+SUMPRODUCT(TRANSPOSE($E336:$G336),J$7:J$9)} -> 0.02790171 | K336: {=INDEX(K$14:K$114,$A336+1)+SUMPRODUCT(TRANSPOSE($E336:$G336),K$7:K$9)} -> 0.026935486 | L336: {=INDEX(L$14:L$114,$A336+1)+SUMPRODUCT(TRANSPOSE($E336:$G336),L$7:L$9)} -> 0.026235088 | M336: {=INDEX(M$14:M$114,$A336+1)+SUMPRODUCT(TRANSPOSE($E336:$G336),M$7:M$9)} -> 0.025642392 | N336: {=INDEX(N$14:N$114,$A336+1)+SUMPRODUCT(TRANSPOSE($E336:$G336),N$7:N$9)} -> 0.025104749 | O336: {=INDEX(O$14:O$114,$A336+1)+SUMPRODUCT(TRANSPOSE($E336:$G336),O$7:O$9)} -> 0.024599605 | P336: {=INDEX(P$14:P$114,$A336+1)+SUMPRODUCT(TRANSPOSE($E336:$G336),P$7:P$9)} -> 0.024115673 | ... DD336: {=INDEX(DD$14:DD$114,$A336+1)+SUMPRODUCT(TRANSPOSE($E336:$G336),DD$7:DD$9)} -> 0.0387163
A337: =A236 -> 20 | B337: =B236+1 -> 3 | C337: =C236 -> 12 | D337: =D236 -> 240 | E337: =E336 -> 0 | F337: =F336 -> 0 | G337: =G336 -> 0 | H337: =B337*10000+D337 -> 30240 | I337: {=INDEX(I$14:I$114,$A337+1)+SUMPRODUCT(TRANSPOSE($E337:$G337),I$7:I$9)} -> 0.02588169 | J337: {=INDEX(J$14:J$114,$A337+1)+SUMPRODUCT(TRANSPOSE($E337:$G337),J$7:J$9)} -> 0.025443632 | K337: {=INDEX(K$14:K$114,$A337+1)+SUMPRODUCT(TRANSPOSE($E337:$G337),K$7:K$9)} -> 0.025007822 | L337: {=INDEX(L$14:L$114,$A337+1)+SUMPRODUCT(TRANSPOSE($E337:$G337),L$7:L$9)} -> 0.024574349 | M337: {=INDEX(M$14:M$114,$A337+1)+SUMPRODUCT(TRANSPOSE($E337:$G337),M$7:M$9)} -> 0.024143268 | N337: {=INDEX(N$14:N$114,$A337+1)+SUMPRODUCT(TRANSPOSE($E337:$G337),N$7:N$9)} -> 0.023714602 | O337: {=INDEX(O$14:O$114,$A337+1)+SUMPRODUCT(TRANSPOSE($E337:$G337),O$7:O$9)} -> 0.023288348 | P337: {=INDEX(P$14:P$114,$A337+1)+SUMPRODUCT(TRANSPOSE($E337:$G337),P$7:P$9)} -> 0.022864477 | ... DD337: {=INDEX(DD$14:DD$114,$A337+1)+SUMPRODUCT(TRANSPOSE($E337:$G337),DD$7:DD$9)} -> 0.0387163
A338: =A237 -> 21 | B338: =B237+1 -> 3 | C338: =C237 -> 12 | D338: =D237 -> 252 | E338: =E337 -> 0 | F338: =F337 -> 0 | G338: =G337 -> 0 | H338: =B338*10000+D338 -> 30252 | I338: {=INDEX(I$14:I$114,$A338+1)+SUMPRODUCT(TRANSPOSE($E338:$G338),I$7:I$9)} -> 0.025005761 | J338: {=INDEX(J$14:J$114,$A338+1)+SUMPRODUCT(TRANSPOSE($E338:$G338),J$7:J$9)} -> 0.024571168 | K338: {=INDEX(K$14:K$114,$A338+1)+SUMPRODUCT(TRANSPOSE($E338:$G338),K$7:K$9)} -> 0.02413894 | L338: {=INDEX(L$14:L$114,$A338+1)+SUMPRODUCT(TRANSPOSE($E338:$G338),L$7:L$9)} -> 0.023709124 | M338: {=INDEX(M$14:M$114,$A338+1)+SUMPRODUCT(TRANSPOSE($E338:$G338),M$7:M$9)} -> 0.023281735 | N338: {=INDEX(N$14:N$114,$A338+1)+SUMPRODUCT(TRANSPOSE($E338:$G338),N$7:N$9)} -> 0.022856762 | O338: {=INDEX(O$14:O$114,$A338+1)+SUMPRODUCT(TRANSPOSE($E338:$G338),O$7:O$9)} -> 0.022434172 | P338: {=INDEX(P$14:P$114,$A338+1)+SUMPRODUCT(TRANSPOSE($E338:$G338),P$7:P$9)} -> 0.022013915 | ... DD338: {=INDEX(DD$14:DD$114,$A338+1)+SUMPRODUCT(TRANSPOSE($E338:$G338),DD$7:DD$9)} -> 0.0387163
A339: =A238 -> 22 | B339: =B238+1 -> 3 | C339: =C238 -> 12 | D339: =D238 -> 264 | E339: =E338 -> 0 | F339: =F338 -> 0 | G339: =G338 -> 0 | H339: =B339*10000+D339 -> 30264 | I339: {=INDEX(I$14:I$114,$A339+1)+SUMPRODUCT(TRANSPOSE($E339:$G339),I$7:I$9)} -> 0.024136759 | J339: {=INDEX(J$14:J$114,$A339+1)+SUMPRODUCT(TRANSPOSE($E339:$G339),J$7:J$9)} -> 0.023705804 | K339: {=INDEX(K$14:K$114,$A339+1)+SUMPRODUCT(TRANSPOSE($E339:$G339),K$7:K$9)} -> 0.023277276 | L339: {=INDEX(L$14:L$114,$A339+1)+SUMPRODUCT(TRANSPOSE($E339:$G339),L$7:L$9)} -> 0.022851181 | M339: {=INDEX(M$14:M$114,$A339+1)+SUMPRODUCT(TRANSPOSE($E339:$G339),M$7:M$9)} -> 0.022427503 | N339: {=INDEX(N$14:N$114,$A339+1)+SUMPRODUCT(TRANSPOSE($E339:$G339),N$7:N$9)} -> 0.022006202 | O339: {=INDEX(O$14:O$114,$A339+1)+SUMPRODUCT(TRANSPOSE($E339:$G339),O$7:O$9)} -> 0.021587222 | P339: {=INDEX(P$14:P$114,$A339+1)+SUMPRODUCT(TRANSPOSE($E339:$G339),P$7:P$9)} -> 0.021170491 | ... DD339: {=INDEX(DD$14:DD$114,$A339+1)+SUMPRODUCT(TRANSPOSE($E339:$G339),DD$7:DD$9)} -> 0.0387163
... A417: =A316 -> 100 | B417: =B316+1 -> 3 | C417: =C316 -> 12 | D417: =D316 -> 1200 | E417: =E416 -> 0 | F417: =F416 -> 0 | G417: =G416 -> 0 | H417: =B417*10000+D417 -> 31200 | I417: {=INDEX(I$14:I$114,$A417+1)+SUMPRODUCT(TRANSPOSE($E417:$G417),I$7:I$9)} -> 0.042 | J417: {=INDEX(J$14:J$114,$A417+1)+SUMPRODUCT(TRANSPOSE($E417:$G417),J$7:J$9)} -> 0.042 | K417: {=INDEX(K$14:K$114,$A417+1)+SUMPRODUCT(TRANSPOSE($E417:$G417),K$7:K$9)} -> 0.042 | L417: {=INDEX(L$14:L$114,$A417+1)+SUMPRODUCT(TRANSPOSE($E417:$G417),L$7:L$9)} -> 0.042 | M417: {=INDEX(M$14:M$114,$A417+1)+SUMPRODUCT(TRANSPOSE($E417:$G417),M$7:M$9)} -> 0.042 | N417: {=INDEX(N$14:N$114,$A417+1)+SUMPRODUCT(TRANSPOSE($E417:$G417),N$7:N$9)} -> 0.042 | O417: {=INDEX(O$14:O$114,$A417+1)+SUMPRODUCT(TRANSPOSE($E417:$G417),O$7:O$9)} -> 0.042 | P417: {=INDEX(P$14:P$114,$A417+1)+SUMPRODUCT(TRANSPOSE($E417:$G417),P$7:P$9)} -> 0.042 | ... DD417: {=INDEX(DD$14:DD$114,$A417+1)+SUMPRODUCT(TRANSPOSE($E417:$G417),DD$7:DD$9)} -> 0.0387163
A418: =A317 -> 0 | B418: =B317+1 -> 4 | C418: =C317 -> 12 | D418: =D317 -> 0 | E418: 0 | F418: 0 | G418: 0 | H418: =B418*10000+D418 -> 40000 | I418: {=INDEX(I$14:I$114,$A418+1)+SUMPRODUCT(TRANSPOSE($E418:$G418),I$7:I$9)} -> 0.044490912 | J418: {=INDEX(J$14:J$114,$A418+1)+SUMPRODUCT(TRANSPOSE($E418:$G418),J$7:J$9)} -> 0.043834498 | K418: {=INDEX(K$14:K$114,$A418+1)+SUMPRODUCT(TRANSPOSE($E418:$G418),K$7:K$9)} -> 0.041829148 | L418: {=INDEX(L$14:L$114,$A418+1)+SUMPRODUCT(TRANSPOSE($E418:$G418),L$7:L$9)} -> 0.04063536 | M418: {=INDEX(M$14:M$114,$A418+1)+SUMPRODUCT(TRANSPOSE($E418:$G418),M$7:M$9)} -> 0.039398721 | N418: {=INDEX(N$14:N$114,$A418+1)+SUMPRODUCT(TRANSPOSE($E418:$G418),N$7:N$9)} -> 0.038681191 | O418: {=INDEX(O$14:O$114,$A418+1)+SUMPRODUCT(TRANSPOSE($E418:$G418),O$7:O$9)} -> 0.037930662 | P418: {=INDEX(P$14:P$114,$A418+1)+SUMPRODUCT(TRANSPOSE($E418:$G418),P$7:P$9)} -> 0.037522551 | ... DD418: {=INDEX(DD$14:DD$114,$A418+1)+SUMPRODUCT(TRANSPOSE($E418:$G418),DD$7:DD$9)} -> 0.0387163
A419: =A318 -> 1 | B419: =B318+1 -> 4 | C419: =C318 -> 12 | D419: =D318 -> 12 | E419: =E418+0.003 -> 0.003 | F419: =F418+0.003 -> 0.003 | G419: =G418+0.003 -> 0.003 | H419: =B419*10000+D419 -> 40012 | I419: {=INDEX(I$14:I$114,$A419+1)+SUMPRODUCT(TRANSPOSE($E419:$G419),I$7:I$9)} -> 0.046178496 | J419: {=INDEX(J$14:J$114,$A419+1)+SUMPRODUCT(TRANSPOSE($E419:$G419),J$7:J$9)} -> 0.04350081 | K419: {=INDEX(K$14:K$114,$A419+1)+SUMPRODUCT(TRANSPOSE($E419:$G419),K$7:K$9)} -> 0.042353342 | L419: {=INDEX(L$14:L$114,$A419+1)+SUMPRODUCT(TRANSPOSE($E419:$G419),L$7:L$9)} -> 0.041129557 | M419: {=INDEX(M$14:M$114,$A419+1)+SUMPRODUCT(TRANSPOSE($E419:$G419),M$7:M$9)} -> 0.040523131 | N419: {=INDEX(N$14:N$114,$A419+1)+SUMPRODUCT(TRANSPOSE($E419:$G419),N$7:N$9)} -> 0.039841299 | O419: {=INDEX(O$14:O$114,$A419+1)+SUMPRODUCT(TRANSPOSE($E419:$G419),O$7:O$9)} -> 0.039530873 | P419: {=INDEX(P$14:P$114,$A419+1)+SUMPRODUCT(TRANSPOSE($E419:$G419),P$7:P$9)} -> 0.039167787 | ... DD419: {=INDEX(DD$14:DD$114,$A419+1)+SUMPRODUCT(TRANSPOSE($E419:$G419),DD$7:DD$9)} -> 0.0417163
...

Sheet Scenarios
A1: Scenario # | B1: Time | C1: Currency | D1: 30 Day | E1: 90 Day | F1: 6 Month | G1: 1 Year | H1: 2 Year | I1: 3 year | J1: 4 Year | K1: 5 Year | L1: 6 Year | M1: 7 Year | N1: 8 Year | O1: 9 Year | P1: 10 Year | Q1: 20 Year | R1: 30 Year | S1: 40 Year | T1: 50 Year | U1: 60 Year | V1: 70 Year | W1: 80 Year | X1: 90 Year | Y1: 100 Year | Z1: Equity | AA1: Inflation | AB1: Real Estate | AC1: Fixed Income
A2: 0 | B2: 0 | C2: =Currency -> USD | D2: =VLOOKUP($A2*10000+$B2,'Reduced Spot Curves'!$H:$DD,VLOOKUP(D$1,'Rate Mapping'!$A:$B,2,FALSE)+1,TRUE)*(12-MOD($B2,12))/12+VLOOKUP($A2*10000+$B2+12,'Reduced Spot Curves'!$H:$DD,VLOOKUP(D$1,'Rate Mapping'!$A:$B,2,FALSE)+1,TRUE)*(MOD($B2,12))/12 -> 0.044490912 | E2: =VLOOKUP($A2*10000+$B2,'Reduced Spot Curves'!$H:$DD,VLOOKUP(E$1,'Rate Mapping'!$A:$B,2,FALSE)+1,TRUE)*(12-MOD($B2,12))/12+VLOOKUP($A2*10000+$B2+12,'Reduced Spot Curves'!$H:$DD,VLOOKUP(E$1,'Rate Mapping'!$A:$B,2,FALSE)+1,TRUE)*(MOD($B2,12))/12 -> 0.044490912 | F2: =VLOOKUP($A2*10000+$B2,'Reduced Spot Curves'!$H:$DD,VLOOKUP(F$1,'Rate Mapping'!$A:$B,2,FALSE)+1,TRUE)*(12-MOD($B2,12))/12+VLOOKUP($A2*10000+$B2+12,'Reduced Spot Curves'!$H:$DD,VLOOKUP(F$1,'Rate Mapping'!$A:$B,2,FALSE)+1,TRUE)*(MOD($B2,12))/12 -> 0.044490912 | G2: =VLOOKUP($A2*10000+$B2,'Reduced Spot Curves'!$H:$DD,VLOOKUP(G$1,'Rate Mapping'!$A:$B,2,FALSE)+1,TRUE)*(12-MOD($B2,12))/12+VLOOKUP($A2*10000+$B2+12,'Reduced Spot Curves'!$H:$DD,VLOOKUP(G$1,'Rate Mapping'!$A:$B,2,FALSE)+1,TRUE)*(MOD($B2,12))/12 -> 0.044490912 | H2: =VLOOKUP($A2*10000+$B2,'Reduced Spot Curves'!$H:$DD,VLOOKUP(H$1,'Rate Mapping'!$A:$B,2,FALSE)+1,TRUE)*(12-MOD($B2,12))/12+VLOOKUP($A2*10000+$B2+12,'Reduced Spot Curves'!$H:$DD,VLOOKUP(H$1,'Rate Mapping'!$A:$B,2,FALSE)+1,TRUE)*(MOD($B2,12))/12 -> 0.043834498 | I2: =VLOOKUP($A2*10000+$B2,'Reduced Spot Curves'!$H:$DD,VLOOKUP(I$1,'Rate Mapping'!$A:$B,2,FALSE)+1,TRUE)*(12-MOD($B2,12))/12+VLOOKUP($A2*10000+$B2+12,'Reduced Spot Curves'!$H:$DD,VLOOKUP(I$1,'Rate Mapping'!$A:$B,2,FALSE)+1,TRUE)*(MOD($B2,12))/12 -> 0.041829148 | J2: =VLOOKUP($A2*10000+$B2,'Reduced Spot Curves'!$H:$DD,VLOOKUP(J$1,'Rate Mapping'!$A:$B,2,FALSE)+1,TRUE)*(12-MOD($B2,12))/12+VLOOKUP($A2*10000+$B2+12,'Reduced Spot Curves'!$H:$DD,VLOOKUP(J$1,'Rate Mapping'!$A:$B,2,FALSE)+1,TRUE)*(MOD($B2,12))/12 -> 0.04063536 | K2: =VLOOKUP($A2*10000+$B2,'Reduced Spot Curves'!$H:$DD,VLOOKUP(K$1,'Rate Mapping'!$A:$B,2,FALSE)+1,TRUE)*(12-MOD($B2,12))/12+VLOOKUP($A2*10000+$B2+12,'Reduced Spot Curves'!$H:$DD,VLOOKUP(K$1,'Rate Mapping'!$A:$B,2,FALSE)+1,TRUE)*(MOD($B2,12))/12 -> 0.039398721 | ... Y2: =VLOOKUP($A2*10000+$B2,'Reduced Spot Curves'!$H:$DD,VLOOKUP(Y$1,'Rate Mapping'!$A:$B,2,FALSE)+1,TRUE)*(12-MOD($B2,12))/12+VLOOKUP($A2*10000+$B2+12,'Reduced Spot Curves'!$H:$DD,VLOOKUP(Y$1,'Rate Mapping'!$A:$B,2,FALSE)+1,TRUE)*(MOD($B2,12))/12 -> 0.0387163 | Z2: 0.06 | AA2: 0 | AB2: 0 | AC2: 0
A3: 0 | B3: 3 | C3: =Currency -> USD | D3: =VLOOKUP($A3*10000+$B3,'Reduced Spot Curves'!$H:$DD,VLOOKUP(D$1,'Rate Mapping'!$A:$B,2,FALSE)+1,TRUE)*(12-MOD($B3,12))/12+VLOOKUP($A3*10000+$B3+12,'Reduced Spot Curves'!$H:$DD,VLOOKUP(D$1,'Rate Mapping'!$A:$B,2,FALSE)+1,TRUE)*(MOD($B3,12))/12 -> 0.044162808 | E3: =VLOOKUP($A3*10000+$B3,'Reduced Spot Curves'!$H:$DD,VLOOKUP(E$1,'Rate Mapping'!$A:$B,2,FALSE)+1,TRUE)*(12-MOD($B3,12))/12+VLOOKUP($A3*10000+$B3+12,'Reduced Spot Curves'!$H:$DD,VLOOKUP(E$1,'Rate Mapping'!$A:$B,2,FALSE)+1,TRUE)*(MOD($B3,12))/12 -> 0.044162808 | F3: =VLOOKUP($A3*10000+$B3,'Reduced Spot Curves'!$H:$DD,VLOOKUP(F$1,'Rate Mapping'!$A:$B,2,FALSE)+1,TRUE)*(12-MOD($B3,12))/12+VLOOKUP($A3*10000+$B3+12,'Reduced Spot Curves'!$H:$DD,VLOOKUP(F$1,'Rate Mapping'!$A:$B,2,FALSE)+1,TRUE)*(MOD($B3,12))/12 -> 0.044162808 | G3: =VLOOKUP($A3*10000+$B3,'Reduced Spot Curves'!$H:$DD,VLOOKUP(G$1,'Rate Mapping'!$A:$B,2,FALSE)+1,TRUE)*(12-MOD($B3,12))/12+VLOOKUP($A3*10000+$B3+12,'Reduced Spot Curves'!$H:$DD,VLOOKUP(G$1,'Rate Mapping'!$A:$B,2,FALSE)+1,TRUE)*(MOD($B3,12))/12 -> 0.044162808 | H3: =VLOOKUP($A3*10000+$B3,'Reduced Spot Curves'!$H:$DD,VLOOKUP(H$1,'Rate Mapping'!$A:$B,2,FALSE)+1,TRUE)*(12-MOD($B3,12))/12+VLOOKUP($A3*10000+$B3+12,'Reduced Spot Curves'!$H:$DD,VLOOKUP(H$1,'Rate Mapping'!$A:$B,2,FALSE)+1,TRUE)*(MOD($B3,12))/12 -> 0.043001076 | I3: =VLOOKUP($A3*10000+$B3,'Reduced Spot Curves'!$H:$DD,VLOOKUP(I$1,'Rate Mapping'!$A:$B,2,FALSE)+1,TRUE)*(12-MOD($B3,12))/12+VLOOKUP($A3*10000+$B3+12,'Reduced Spot Curves'!$H:$DD,VLOOKUP(I$1,'Rate Mapping'!$A:$B,2,FALSE)+1,TRUE)*(MOD($B3,12))/12 -> 0.041210196 | J3: =VLOOKUP($A3*10000+$B3,'Reduced Spot Curves'!$H:$DD,VLOOKUP(J$1,'Rate Mapping'!$A:$B,2,FALSE)+1,TRUE)*(12-MOD($B3,12))/12+VLOOKUP($A3*10000+$B3+12,'Reduced Spot Curves'!$H:$DD,VLOOKUP(J$1,'Rate Mapping'!$A:$B,2,FALSE)+1,TRUE)*(MOD($B3,12))/12 -> 0.040008909 | K3: =VLOOKUP($A3*10000+$B3,'Reduced Spot Curves'!$H:$DD,VLOOKUP(K$1,'Rate Mapping'!$A:$B,2,FALSE)+1,TRUE)*(12-MOD($B3,12))/12+VLOOKUP($A3*10000+$B3+12,'Reduced Spot Curves'!$H:$DD,VLOOKUP(K$1,'Rate Mapping'!$A:$B,2,FALSE)+1,TRUE)*(MOD($B3,12))/12 -> 0.038929823 | ... Y3: =VLOOKUP($A3*10000+$B3,'Reduced Spot Curves'!$H:$DD,VLOOKUP(Y$1,'Rate Mapping'!$A:$B,2,FALSE)+1,TRUE)*(12-MOD($B3,12))/12+VLOOKUP($A3*10000+$B3+12,'Reduced Spot Curves'!$H:$DD,VLOOKUP(Y$1,'Rate Mapping'!$A:$B,2,FALSE)+1,TRUE)*(MOD($B3,12))/12 -> 0.0387163 | Z3: =Z2 -> 0.06 | AA3: =AA2 -> 0 | AB3: =AB2 -> 0 | AC3: =AC2 -> 0
A4: 0 | B4: 6 | C4: =Currency -> USD | D4: =VLOOKUP($A4*10000+$B4,'Reduced Spot Curves'!$H:$DD,VLOOKUP(D$1,'Rate Mapping'!$A:$B,2,FALSE)+1,TRUE)*(12-MOD($B4,12))/12+VLOOKUP($A4*10000+$B4+12,'Reduced Spot Curves'!$H:$DD,VLOOKUP(D$1,'Rate Mapping'!$A:$B,2,FALSE)+1,TRUE)*(MOD($B4,12))/12 -> 0.043834704 | E4: =VLOOKUP($A4*10000+$B4,'Reduced Spot Curves'!$H:$DD,VLOOKUP(E$1,'Rate Mapping'!$A:$B,2,FALSE)+1,TRUE)*(12-MOD($B4,12))/12+VLOOKUP($A4*10000+$B4+12,'Reduced Spot Curves'!$H:$DD,VLOOKUP(E$1,'Rate Mapping'!$A:$B,2,FALSE)+1,TRUE)*(MOD($B4,12))/12 -> 0.043834704 | F4: =VLOOKUP($A4*10000+$B4,'Reduced Spot Curves'!$H:$DD,VLOOKUP(F$1,'Rate Mapping'!$A:$B,2,FALSE)+1,TRUE)*(12-MOD($B4,12))/12+VLOOKUP($A4*10000+$B4+12,'Reduced Spot Curves'!$H:$DD,VLOOKUP(F$1,'Rate Mapping'!$A:$B,2,FALSE)+1,TRUE)*(MOD($B4,12))/12 -> 0.043834704 | G4: =VLOOKUP($A4*10000+$B4,'Reduced Spot Curves'!$H:$DD,VLOOKUP(G$1,'Rate Mapping'!$A:$B,2,FALSE)+1,TRUE)*(12-MOD($B4,12))/12+VLOOKUP($A4*10000+$B4+12,'Reduced Spot Curves'!$H:$DD,VLOOKUP(G$1,'Rate Mapping'!$A:$B,2,FALSE)+1,TRUE)*(MOD($B4,12))/12 -> 0.043834704 | H4: =VLOOKUP($A4*10000+$B4,'Reduced Spot Curves'!$H:$DD,VLOOKUP(H$1,'Rate Mapping'!$A:$B,2,FALSE)+1,TRUE)*(12-MOD($B4,12))/12+VLOOKUP($A4*10000+$B4+12,'Reduced Spot Curves'!$H:$DD,VLOOKUP(H$1,'Rate Mapping'!$A:$B,2,FALSE)+1,TRUE)*(MOD($B4,12))/12 -> 0.042167654 | I4: =VLOOKUP($A4*10000+$B4,'Reduced Spot Curves'!$H:$DD,VLOOKUP(I$1,'Rate Mapping'!$A:$B,2,FALSE)+1,TRUE)*(12-MOD($B4,12))/12+VLOOKUP($A4*10000+$B4+12,'Reduced Spot Curves'!$H:$DD,VLOOKUP(I$1,'Rate Mapping'!$A:$B,2,FALSE)+1,TRUE)*(MOD($B4,12))/12 -> 0.040591245 | J4: =VLOOKUP($A4*10000+$B4,'Reduced Spot Curves'!$H:$DD,VLOOKUP(J$1,'Rate Mapping'!$A:$B,2,FALSE)+1,TRUE)*(12-MOD($B4,12))/12+VLOOKUP($A4*10000+$B4+12,'Reduced Spot Curves'!$H:$DD,VLOOKUP(J$1,'Rate Mapping'!$A:$B,2,FALSE)+1,TRUE)*(MOD($B4,12))/12 -> 0.039382459 | K4: =VLOOKUP($A4*10000+$B4,'Reduced Spot Curves'!$H:$DD,VLOOKUP(K$1,'Rate Mapping'!$A:$B,2,FALSE)+1,TRUE)*(12-MOD($B4,12))/12+VLOOKUP($A4*10000+$B4+12,'Reduced Spot Curves'!$H:$DD,VLOOKUP(K$1,'Rate Mapping'!$A:$B,2,FALSE)+1,TRUE)*(MOD($B4,12))/12 -> 0.038460926 | ... Y4: =VLOOKUP($A4*10000+$B4,'Reduced Spot Curves'!$H:$DD,VLOOKUP(Y$1,'Rate Mapping'!$A:$B,2,FALSE)+1,TRUE)*(12-MOD($B4,12))/12+VLOOKUP($A4*10000+$B4+12,'Reduced Spot Curves'!$H:$DD,VLOOKUP(Y$1,'Rate Mapping'!$A:$B,2,FALSE)+1,TRUE)*(MOD($B4,12))/12 -> 0.0387163 | Z4: =Z3 -> 0.06 | AA4: =AA3 -> 0 | AB4: =AB3 -> 0 | AC4: =AC3 -> 0
A5: 0 | B5: 9 | C5: =Currency -> USD | D5: =VLOOKUP($A5*10000+$B5,'Reduced Spot Curves'!$H:$DD,VLOOKUP(D$1,'Rate Mapping'!$A:$B,2,FALSE)+1,TRUE)*(12-MOD($B5,12))/12+VLOOKUP($A5*10000+$B5+12,'Reduced Spot Curves'!$H:$DD,VLOOKUP(D$1,'Rate Mapping'!$A:$B,2,FALSE)+1,TRUE)*(MOD($B5,12))/12 -> 0.0435066 | E5: =VLOOKUP($A5*10000+$B5,'Reduced Spot Curves'!$H:$DD,VLOOKUP(E$1,'Rate Mapping'!$A:$B,2,FALSE)+1,TRUE)*(12-MOD($B5,12))/12+VLOOKUP($A5*10000+$B5+12,'Reduced Spot Curves'!$H:$DD,VLOOKUP(E$1,'Rate Mapping'!$A:$B,2,FALSE)+1,TRUE)*(MOD($B5,12))/12 -> 0.0435066 | F5: =VLOOKUP($A5*10000+$B5,'Reduced Spot Curves'!$H:$DD,VLOOKUP(F$1,'Rate Mapping'!$A:$B,2,FALSE)+1,TRUE)*(12-MOD($B5,12))/12+VLOOKUP($A5*10000+$B5+12,'Reduced Spot Curves'!$H:$DD,VLOOKUP(F$1,'Rate Mapping'!$A:$B,2,FALSE)+1,TRUE)*(MOD($B5,12))/12 -> 0.0435066 | G5: =VLOOKUP($A5*10000+$B5,'Reduced Spot Curves'!$H:$DD,VLOOKUP(G$1,'Rate Mapping'!$A:$B,2,FALSE)+1,TRUE)*(12-MOD($B5,12))/12+VLOOKUP($A5*10000+$B5+12,'Reduced Spot Curves'!$H:$DD,VLOOKUP(G$1,'Rate Mapping'!$A:$B,2,FALSE)+1,TRUE)*(MOD($B5,12))/12 -> 0.0435066 | H5: =VLOOKUP($A5*10000+$B5,'Reduced Spot Curves'!$H:$DD,VLOOKUP(H$1,'Rate Mapping'!$A:$B,2,FALSE)+1,TRUE)*(12-MOD($B5,12))/12+VLOOKUP($A5*10000+$B5+12,'Reduced Spot Curves'!$H:$DD,VLOOKUP(H$1,'Rate Mapping'!$A:$B,2,FALSE)+1,TRUE)*(MOD($B5,12))/12 -> 0.041334232 | I5: =VLOOKUP($A5*10000+$B5,'Reduced Spot Curves'!$H:$DD,VLOOKUP(I$1,'Rate Mapping'!$A:$B,2,FALSE)+1,TRUE)*(12-MOD($B5,12))/12+VLOOKUP($A5*10000+$B5+12,'Reduced Spot Curves'!$H:$DD,VLOOKUP(I$1,'Rate Mapping'!$A:$B,2,FALSE)+1,TRUE)*(MOD($B5,12))/12 -> 0.039972293 | J5: =VLOOKUP($A5*10000+$B5,'Reduced Spot Curves'!$H:$DD,VLOOKUP(J$1,'Rate Mapping'!$A:$B,2,FALSE)+1,TRUE)*(12-MOD($B5,12))/12+VLOOKUP($A5*10000+$B5+12,'Reduced Spot Curves'!$H:$DD,VLOOKUP(J$1,'Rate Mapping'!$A:$B,2,FALSE)+1,TRUE)*(MOD($B5,12))/12 -> 0.038756008 | K5: =VLOOKUP($A5*10000+$B5,'Reduced Spot Curves'!$H:$DD,VLOOKUP(K$1,'Rate Mapping'!$A:$B,2,FALSE)+1,TRUE)*(12-MOD($B5,12))/12+VLOOKUP($A5*10000+$B5+12,'Reduced Spot Curves'!$H:$DD,VLOOKUP(K$1,'Rate Mapping'!$A:$B,2,FALSE)+1,TRUE)*(MOD($B5,12))/12 -> 0.037992028 | ... Y5: =VLOOKUP($A5*10000+$B5,'Reduced Spot Curves'!$H:$DD,VLOOKUP(Y$1,'Rate Mapping'!$A:$B,2,FALSE)+1,TRUE)*(12-MOD($B5,12))/12+VLOOKUP($A5*10000+$B5+12,'Reduced Spot Curves'!$H:$DD,VLOOKUP(Y$1,'Rate Mapping'!$A:$B,2,FALSE)+1,TRUE)*(MOD($B5,12))/12 -> 0.0387163 | Z5: =Z4 -> 0.06 | AA5: =AA4 -> 0 | AB5: =AB4 -> 0 | AC5: =AC4 -> 0
A6: 0 | B6: 12 | C6: =Currency -> USD | D6: =VLOOKUP($A6*10000+$B6,'Reduced Spot Curves'!$H:$DD,VLOOKUP(D$1,'Rate Mapping'!$A:$B,2,FALSE)+1,TRUE)*(12-MOD($B6,12))/12+VLOOKUP($A6*10000+$B6+12,'Reduced Spot Curves'!$H:$DD,VLOOKUP(D$1,'Rate Mapping'!$A:$B,2,FALSE)+1,TRUE)*(MOD($B6,12))/12 -> 0.043178496 | E6: =VLOOKUP($A6*10000+$B6,'Reduced Spot Curves'!$H:$DD,VLOOKUP(E$1,'Rate Mapping'!$A:$B,2,FALSE)+1,TRUE)*(12-MOD($B6,12))/12+VLOOKUP($A6*10000+$B6+12,'Reduced Spot Curves'!$H:$DD,VLOOKUP(E$1,'Rate Mapping'!$A:$B,2,FALSE)+1,TRUE)*(MOD($B6,12))/12 -> 0.043178496 | F6: =VLOOKUP($A6*10000+$B6,'Reduced Spot Curves'!$H:$DD,VLOOKUP(F$1,'Rate Mapping'!$A:$B,2,FALSE)+1,TRUE)*(12-MOD($B6,12))/12+VLOOKUP($A6*10000+$B6+12,'Reduced Spot Curves'!$H:$DD,VLOOKUP(F$1,'Rate Mapping'!$A:$B,2,FALSE)+1,TRUE)*(MOD($B6,12))/12 -> 0.043178496 | G6: =VLOOKUP($A6*10000+$B6,'Reduced Spot Curves'!$H:$DD,VLOOKUP(G$1,'Rate Mapping'!$A:$B,2,FALSE)+1,TRUE)*(12-MOD($B6,12))/12+VLOOKUP($A6*10000+$B6+12,'Reduced Spot Curves'!$H:$DD,VLOOKUP(G$1,'Rate Mapping'!$A:$B,2,FALSE)+1,TRUE)*(MOD($B6,12))/12 -> 0.043178496 | H6: =VLOOKUP($A6*10000+$B6,'Reduced Spot Curves'!$H:$DD,VLOOKUP(H$1,'Rate Mapping'!$A:$B,2,FALSE)+1,TRUE)*(12-MOD($B6,12))/12+VLOOKUP($A6*10000+$B6+12,'Reduced Spot Curves'!$H:$DD,VLOOKUP(H$1,'Rate Mapping'!$A:$B,2,FALSE)+1,TRUE)*(MOD($B6,12))/12 -> 0.04050081 | I6: =VLOOKUP($A6*10000+$B6,'Reduced Spot Curves'!$H:$DD,VLOOKUP(I$1,'Rate Mapping'!$A:$B,2,FALSE)+1,TRUE)*(12-MOD($B6,12))/12+VLOOKUP($A6*10000+$B6+12,'Reduced Spot Curves'!$H:$DD,VLOOKUP(I$1,'Rate Mapping'!$A:$B,2,FALSE)+1,TRUE)*(MOD($B6,12))/12 -> 0.039353342 | J6: =VLOOKUP($A6*10000+$B6,'Reduced Spot Curves'!$H:$DD,VLOOKUP(J$1,'Rate Mapping'!$A:$B,2,FALSE)+1,TRUE)*(12-MOD($B6,12))/12+VLOOKUP($A6*10000+$B6+12,'Reduced Spot Curves'!$H:$DD,VLOOKUP(J$1,'Rate Mapping'!$A:$B,2,FALSE)+1,TRUE)*(MOD($B6,12))/12 -> 0.038129557 | K6: =VLOOKUP($A6*10000+$B6,'Reduced Spot Curves'!$H:$DD,VLOOKUP(K$1,'Rate Mapping'!$A:$B,2,FALSE)+1,TRUE)*(12-MOD($B6,12))/12+VLOOKUP($A6*10000+$B6+12,'Reduced Spot Curves'!$H:$DD,VLOOKUP(K$1,'Rate Mapping'!$A:$B,2,FALSE)+1,TRUE)*(MOD($B6,12))/12 -> 0.037523131 | ... Y6: =VLOOKUP($A6*10000+$B6,'Reduced Spot Curves'!$H:$DD,VLOOKUP(Y$1,'Rate Mapping'!$A:$B,2,FALSE)+1,TRUE)*(12-MOD($B6,12))/12+VLOOKUP($A6*10000+$B6+12,'Reduced Spot Curves'!$H:$DD,VLOOKUP(Y$1,'Rate Mapping'!$A:$B,2,FALSE)+1,TRUE)*(MOD($B6,12))/12 -> 0.0387163 | Z6: =Z5 -> 0.06 | AA6: =AA5 -> 0 | AB6: =AB5 -> 0 | AC6: =AC5 -> 0
A7: 0 | B7: 15 | C7: =Currency -> USD | D7: =VLOOKUP($A7*10000+$B7,'Reduced Spot Curves'!$H:$DD,VLOOKUP(D$1,'Rate Mapping'!$A:$B,2,FALSE)+1,TRUE)*(12-MOD($B7,12))/12+VLOOKUP($A7*10000+$B7+12,'Reduced Spot Curves'!$H:$DD,VLOOKUP(D$1,'Rate Mapping'!$A:$B,2,FALSE)+1,TRUE)*(MOD($B7,12))/12 -> 0.041841372 | E7: =VLOOKUP($A7*10000+$B7,'Reduced Spot Curves'!$H:$DD,VLOOKUP(E$1,'Rate Mapping'!$A:$B,2,FALSE)+1,TRUE)*(12-MOD($B7,12))/12+VLOOKUP($A7*10000+$B7+12,'Reduced Spot Curves'!$H:$DD,VLOOKUP(E$1,'Rate Mapping'!$A:$B,2,FALSE)+1,TRUE)*(MOD($B7,12))/12 -> 0.041841372 | F7: =VLOOKUP($A7*10000+$B7,'Reduced Spot Curves'!$H:$DD,VLOOKUP(F$1,'Rate Mapping'!$A:$B,2,FALSE)+1,TRUE)*(12-MOD($B7,12))/12+VLOOKUP($A7*10000+$B7+12,'Reduced Spot Curves'!$H:$DD,VLOOKUP(F$1,'Rate Mapping'!$A:$B,2,FALSE)+1,TRUE)*(MOD($B7,12))/12 -> 0.041841372 | G7: =VLOOKUP($A7*10000+$B7,'Reduced Spot Curves'!$H:$DD,VLOOKUP(G$1,'Rate Mapping'!$A:$B,2,FALSE)+1,TRUE)*(12-MOD($B7,12))/12+VLOOKUP($A7*10000+$B7+12,'Reduced Spot Curves'!$H:$DD,VLOOKUP(G$1,'Rate Mapping'!$A:$B,2,FALSE)+1,TRUE)*(MOD($B7,12))/12 -> 0.041841372 | H7: =VLOOKUP($A7*10000+$B7,'Reduced Spot Curves'!$H:$DD,VLOOKUP(H$1,'Rate Mapping'!$A:$B,2,FALSE)+1,TRUE)*(12-MOD($B7,12))/12+VLOOKUP($A7*10000+$B7+12,'Reduced Spot Curves'!$H:$DD,VLOOKUP(H$1,'Rate Mapping'!$A:$B,2,FALSE)+1,TRUE)*(MOD($B7,12))/12 -> 0.039737115 | I7: =VLOOKUP($A7*10000+$B7,'Reduced Spot Curves'!$H:$DD,VLOOKUP(I$1,'Rate Mapping'!$A:$B,2,FALSE)+1,TRUE)*(12-MOD($B7,12))/12+VLOOKUP($A7*10000+$B7+12,'Reduced Spot Curves'!$H:$DD,VLOOKUP(I$1,'Rate Mapping'!$A:$B,2,FALSE)+1,TRUE)*(MOD($B7,12))/12 -> 0.03862801 | J7: =VLOOKUP($A7*10000+$B7,'Reduced Spot Curves'!$H:$DD,VLOOKUP(J$1,'Rate Mapping'!$A:$B,2,FALSE)+1,TRUE)*(12-MOD($B7,12))/12+VLOOKUP($A7*10000+$B7+12,'Reduced Spot Curves'!$H:$DD,VLOOKUP(J$1,'Rate Mapping'!$A:$B,2,FALSE)+1,TRUE)*(MOD($B7,12))/12 -> 0.037625689 | K7: =VLOOKUP($A7*10000+$B7,'Reduced Spot Curves'!$H:$DD,VLOOKUP(K$1,'Rate Mapping'!$A:$B,2,FALSE)+1,TRUE)*(12-MOD($B7,12))/12+VLOOKUP($A7*10000+$B7+12,'Reduced Spot Curves'!$H:$DD,VLOOKUP(K$1,'Rate Mapping'!$A:$B,2,FALSE)+1,TRUE)*(MOD($B7,12))/12 -> 0.03703697 | ... Y7: =VLOOKUP($A7*10000+$B7,'Reduced Spot Curves'!$H:$DD,VLOOKUP(Y$1,'Rate Mapping'!$A:$B,2,FALSE)+1,TRUE)*(12-MOD($B7,12))/12+VLOOKUP($A7*10000+$B7+12,'Reduced Spot Curves'!$H:$DD,VLOOKUP(Y$1,'Rate Mapping'!$A:$B,2,FALSE)+1,TRUE)*(MOD($B7,12))/12 -> 0.0387163 | Z7: =Z6 -> 0.06 | AA7: =AA6 -> 0 | AB7: =AB6 -> 0 | AC7: =AC6 -> 0
A8: 0 | B8: 18 | C8: =Currency -> USD | D8: =VLOOKUP($A8*10000+$B8,'Reduced Spot Curves'!$H:$DD,VLOOKUP(D$1,'Rate Mapping'!$A:$B,2,FALSE)+1,TRUE)*(12-MOD($B8,12))/12+VLOOKUP($A8*10000+$B8+12,'Reduced Spot Curves'!$H:$DD,VLOOKUP(D$1,'Rate Mapping'!$A:$B,2,FALSE)+1,TRUE)*(MOD($B8,12))/12 -> 0.040504247 | E8: =VLOOKUP($A8*10000+$B8,'Reduced Spot Curves'!$H:$DD,VLOOKUP(E$1,'Rate Mapping'!$A:$B,2,FALSE)+1,TRUE)*(12-MOD($B8,12))/12+VLOOKUP($A8*10000+$B8+12,'Reduced Spot Curves'!$H:$DD,VLOOKUP(E$1,'Rate Mapping'!$A:$B,2,FALSE)+1,TRUE)*(MOD($B8,12))/12 -> 0.040504247 | F8: =VLOOKUP($A8*10000+$B8,'Reduced Spot Curves'!$H:$DD,VLOOKUP(F$1,'Rate Mapping'!$A:$B,2,FALSE)+1,TRUE)*(12-MOD($B8,12))/12+VLOOKUP($A8*10000+$B8+12,'Reduced Spot Curves'!$H:$DD,VLOOKUP(F$1,'Rate Mapping'!$A:$B,2,FALSE)+1,TRUE)*(MOD($B8,12))/12 -> 0.040504247 | G8: =VLOOKUP($A8*10000+$B8,'Reduced Spot Curves'!$H:$DD,VLOOKUP(G$1,'Rate Mapping'!$A:$B,2,FALSE)+1,TRUE)*(12-MOD($B8,12))/12+VLOOKUP($A8*10000+$B8+12,'Reduced Spot Curves'!$H:$DD,VLOOKUP(G$1,'Rate Mapping'!$A:$B,2,FALSE)+1,TRUE)*(MOD($B8,12))/12 -> 0.040504247 | H8: =VLOOKUP($A8*10000+$B8,'Reduced Spot Curves'!$H:$DD,VLOOKUP(H$1,'Rate Mapping'!$A:$B,2,FALSE)+1,TRUE)*(12-MOD($B8,12))/12+VLOOKUP($A8*10000+$B8+12,'Reduced Spot Curves'!$H:$DD,VLOOKUP(H$1,'Rate Mapping'!$A:$B,2,FALSE)+1,TRUE)*(MOD($B8,12))/12 -> 0.038973419 | I8: =VLOOKUP($A8*10000+$B8,'Reduced Spot Curves'!$H:$DD,VLOOKUP(I$1,'Rate Mapping'!$A:$B,2,FALSE)+1,TRUE)*(12-MOD($B8,12))/12+VLOOKUP($A8*10000+$B8+12,'Reduced Spot Curves'!$H:$DD,VLOOKUP(I$1,'Rate Mapping'!$A:$B,2,FALSE)+1,TRUE)*(MOD($B8,12))/12 -> 0.037902678 | J8: =VLOOKUP($A8*10000+$B8,'Reduced Spot Curves'!$H:$DD,VLOOKUP(J$1,'Rate Mapping'!$A:$B,2,FALSE)+1,TRUE)*(12-MOD($B8,12))/12+VLOOKUP($A8*10000+$B8+12,'Reduced Spot Curves'!$H:$DD,VLOOKUP(J$1,'Rate Mapping'!$A:$B,2,FALSE)+1,TRUE)*(MOD($B8,12))/12 -> 0.037121822 | K8: =VLOOKUP($A8*10000+$B8,'Reduced Spot Curves'!$H:$DD,VLOOKUP(K$1,'Rate Mapping'!$A:$B,2,FALSE)+1,TRUE)*(12-MOD($B8,12))/12+VLOOKUP($A8*10000+$B8+12,'Reduced Spot Curves'!$H:$DD,VLOOKUP(K$1,'Rate Mapping'!$A:$B,2,FALSE)+1,TRUE)*(MOD($B8,12))/12 -> 0.036550809 | ... Y8: =VLOOKUP($A8*10000+$B8,'Reduced Spot Curves'!$H:$DD,VLOOKUP(Y$1,'Rate Mapping'!$A:$B,2,FALSE)+1,TRUE)*(12-MOD($B8,12))/12+VLOOKUP($A8*10000+$B8+12,'Reduced Spot Curves'!$H:$DD,VLOOKUP(Y$1,'Rate Mapping'!$A:$B,2,FALSE)+1,TRUE)*(MOD($B8,12))/12 -> 0.0387163 | Z8: =Z7 -> 0.06 | AA8: =AA7 -> 0 | AB8: =AB7 -> 0 | AC8: =AC7 -> 0
A9: 0 | B9: 21 | C9: =Currency -> USD | D9: =VLOOKUP($A9*10000+$B9,'Reduced Spot Curves'!$H:$DD,VLOOKUP(D$1,'Rate Mapping'!$A:$B,2,FALSE)+1,TRUE)*(12-MOD($B9,12))/12+VLOOKUP($A9*10000+$B9+12,'Reduced Spot Curves'!$H:$DD,VLOOKUP(D$1,'Rate Mapping'!$A:$B,2,FALSE)+1,TRUE)*(MOD($B9,12))/12 -> 0.039167122 | E9: =VLOOKUP($A9*10000+$B9,'Reduced Spot Curves'!$H:$DD,VLOOKUP(E$1,'Rate Mapping'!$A:$B,2,FALSE)+1,TRUE)*(12-MOD($B9,12))/12+VLOOKUP($A9*10000+$B9+12,'Reduced Spot Curves'!$H:$DD,VLOOKUP(E$1,'Rate Mapping'!$A:$B,2,FALSE)+1,TRUE)*(MOD($B9,12))/12 -> 0.039167122 | F9: =VLOOKUP($A9*10000+$B9,'Reduced Spot Curves'!$H:$DD,VLOOKUP(F$1,'Rate Mapping'!$A:$B,2,FALSE)+1,TRUE)*(12-MOD($B9,12))/12+VLOOKUP($A9*10000+$B9+12,'Reduced Spot Curves'!$H:$DD,VLOOKUP(F$1,'Rate Mapping'!$A:$B,2,FALSE)+1,TRUE)*(MOD($B9,12))/12 -> 0.039167122 | G9: =VLOOKUP($A9*10000+$B9,'Reduced Spot Curves'!$H:$DD,VLOOKUP(G$1,'Rate Mapping'!$A:$B,2,FALSE)+1,TRUE)*(12-MOD($B9,12))/12+VLOOKUP($A9*10000+$B9+12,'Reduced Spot Curves'!$H:$DD,VLOOKUP(G$1,'Rate Mapping'!$A:$B,2,FALSE)+1,TRUE)*(MOD($B9,12))/12 -> 0.039167122 | H9: =VLOOKUP($A9*10000+$B9,'Reduced Spot Curves'!$H:$DD,VLOOKUP(H$1,'Rate Mapping'!$A:$B,2,FALSE)+1,TRUE)*(12-MOD($B9,12))/12+VLOOKUP($A9*10000+$B9+12,'Reduced Spot Curves'!$H:$DD,VLOOKUP(H$1,'Rate Mapping'!$A:$B,2,FALSE)+1,TRUE)*(MOD($B9,12))/12 -> 0.038209723 | I9: =VLOOKUP($A9*10000+$B9,'Reduced Spot Curves'!$H:$DD,VLOOKUP(I$1,'Rate Mapping'!$A:$B,2,FALSE)+1,TRUE)*(12-MOD($B9,12))/12+VLOOKUP($A9*10000+$B9+12,'Reduced Spot Curves'!$H:$DD,VLOOKUP(I$1,'Rate Mapping'!$A:$B,2,FALSE)+1,TRUE)*(MOD($B9,12))/12 -> 0.037177346 | J9: =VLOOKUP($A9*10000+$B9,'Reduced Spot Curves'!$H:$DD,VLOOKUP(J$1,'Rate Mapping'!$A:$B,2,FALSE)+1,TRUE)*(12-MOD($B9,12))/12+VLOOKUP($A9*10000+$B9+12,'Reduced Spot Curves'!$H:$DD,VLOOKUP(J$1,'Rate Mapping'!$A:$B,2,FALSE)+1,TRUE)*(MOD($B9,12))/12 -> 0.036617954 | K9: =VLOOKUP($A9*10000+$B9,'Reduced Spot Curves'!$H:$DD,VLOOKUP(K$1,'Rate Mapping'!$A:$B,2,FALSE)+1,TRUE)*(12-MOD($B9,12))/12+VLOOKUP($A9*10000+$B9+12,'Reduced Spot Curves'!$H:$DD,VLOOKUP(K$1,'Rate Mapping'!$A:$B,2,FALSE)+1,TRUE)*(MOD($B9,12))/12 -> 0.036064648 | ... Y9: =VLOOKUP($A9*10000+$B9,'Reduced Spot Curves'!$H:$DD,VLOOKUP(Y$1,'Rate Mapping'!$A:$B,2,FALSE)+1,TRUE)*(12-MOD($B9,12))/12+VLOOKUP($A9*10000+$B9+12,'Reduced Spot Curves'!$H:$DD,VLOOKUP(Y$1,'Rate Mapping'!$A:$B,2,FALSE)+1,TRUE)*(MOD($B9,12))/12 -> 0.0387163 | Z9: =Z8 -> 0.06 | AA9: =AA8 -> 0 | AB9: =AB8 -> 0 | AC9: =AC8 -> 0
A10: 0 | B10: 24 | C10: =Currency -> USD | D10: =VLOOKUP($A10*10000+$B10,'Reduced Spot Curves'!$H:$DD,VLOOKUP(D$1,'Rate Mapping'!$A:$B,2,FALSE)+1,TRUE)*(12-MOD($B10,12))/12+VLOOKUP($A10*10000+$B10+12,'Reduced Spot Curves'!$H:$DD,VLOOKUP(D$1,'Rate Mapping'!$A:$B,2,FALSE)+1,TRUE)*(MOD($B10,12))/12 -> 0.037829998 | E10: =VLOOKUP($A10*10000+$B10,'Reduced Spot Curves'!$H:$DD,VLOOKUP(E$1,'Rate Mapping'!$A:$B,2,FALSE)+1,TRUE)*(12-MOD($B10,12))/12+VLOOKUP($A10*10000+$B10+12,'Reduced Spot Curves'!$H:$DD,VLOOKUP(E$1,'Rate Mapping'!$A:$B,2,FALSE)+1,TRUE)*(MOD($B10,12))/12 -> 0.037829998 | F10: =VLOOKUP($A10*10000+$B10,'Reduced Spot Curves'!$H:$DD,VLOOKUP(F$1,'Rate Mapping'!$A:$B,2,FALSE)+1,TRUE)*(12-MOD($B10,12))/12+VLOOKUP($A10*10000+$B10+12,'Reduced Spot Curves'!$H:$DD,VLOOKUP(F$1,'Rate Mapping'!$A:$B,2,FALSE)+1,TRUE)*(MOD($B10,12))/12 -> 0.037829998 | G10: =VLOOKUP($A10*10000+$B10,'Reduced Spot Curves'!$H:$DD,VLOOKUP(G$1,'Rate Mapping'!$A:$B,2,FALSE)+1,TRUE)*(12-MOD($B10,12))/12+VLOOKUP($A10*10000+$B10+12,'Reduced Spot Curves'!$H:$DD,VLOOKUP(G$1,'Rate Mapping'!$A:$B,2,FALSE)+1,TRUE)*(MOD($B10,12))/12 -> 0.037829998 | H10: =VLOOKUP($A10*10000+$B10,'Reduced Spot Curves'!$H:$DD,VLOOKUP(H$1,'Rate Mapping'!$A:$B,2,FALSE)+1,TRUE)*(12-MOD($B10,12))/12+VLOOKUP($A10*10000+$B10+12,'Reduced Spot Curves'!$H:$DD,VLOOKUP(H$1,'Rate Mapping'!$A:$B,2,FALSE)+1,TRUE)*(MOD($B10,12))/12 -> 0.037446027 | I10: =VLOOKUP($A10*10000+$B10,'Reduced Spot Curves'!$H:$DD,VLOOKUP(I$1,'Rate Mapping'!$A:$B,2,FALSE)+1,TRUE)*(12-MOD($B10,12))/12+VLOOKUP($A10*10000+$B10+12,'Reduced Spot Curves'!$H:$DD,VLOOKUP(I$1,'Rate Mapping'!$A:$B,2,FALSE)+1,TRUE)*(MOD($B10,12))/12 -> 0.036452014 | J10: =VLOOKUP($A10*10000+$B10,'Reduced Spot Curves'!$H:$DD,VLOOKUP(J$1,'Rate Mapping'!$A:$B,2,FALSE)+1,TRUE)*(12-MOD($B10,12))/12+VLOOKUP($A10*10000+$B10+12,'Reduced Spot Curves'!$H:$DD,VLOOKUP(J$1,'Rate Mapping'!$A:$B,2,FALSE)+1,TRUE)*(MOD($B10,12))/12 -> 0.036114086 | K10: =VLOOKUP($A10*10000+$B10,'Reduced Spot Curves'!$H:$DD,VLOOKUP(K$1,'Rate Mapping'!$A:$B,2,FALSE)+1,TRUE)*(12-MOD($B10,12))/12+VLOOKUP($A10*10000+$B10+12,'Reduced Spot Curves'!$H:$DD,VLOOKUP(K$1,'Rate Mapping'!$A:$B,2,FALSE)+1,TRUE)*(MOD($B10,12))/12 -> 0.035578487 | ... Y10: =VLOOKUP($A10*10000+$B10,'Reduced Spot Curves'!$H:$DD,VLOOKUP(Y$1,'Rate Mapping'!$A:$B,2,FALSE)+1,TRUE)*(12-MOD($B10,12))/12+VLOOKUP($A10*10000+$B10+12,'Reduced Spot Curves'!$H:$DD,VLOOKUP(Y$1,'Rate Mapping'!$A:$B,2,FALSE)+1,TRUE)*(MOD($B10,12))/12 -> 0.0387163 | Z10: =Z9 -> 0.06 | AA10: =AA9 -> 0 | AB10: =AB9 -> 0 | AC10: =AC9 -> 0
A11: 0 | B11: 27 | C11: =Currency -> USD | D11: =VLOOKUP($A11*10000+$B11,'Reduced Spot Curves'!$H:$DD,VLOOKUP(D$1,'Rate Mapping'!$A:$B,2,FALSE)+1,TRUE)*(12-MOD($B11,12))/12+VLOOKUP($A11*10000+$B11+12,'Reduced Spot Curves'!$H:$DD,VLOOKUP(D$1,'Rate Mapping'!$A:$B,2,FALSE)+1,TRUE)*(MOD($B11,12))/12 -> 0.037638048 | E11: =VLOOKUP($A11*10000+$B11,'Reduced Spot Curves'!$H:$DD,VLOOKUP(E$1,'Rate Mapping'!$A:$B,2,FALSE)+1,TRUE)*(12-MOD($B11,12))/12+VLOOKUP($A11*10000+$B11+12,'Reduced Spot Curves'!$H:$DD,VLOOKUP(E$1,'Rate Mapping'!$A:$B,2,FALSE)+1,TRUE)*(MOD($B11,12))/12 -> 0.037638048 | F11: =VLOOKUP($A11*10000+$B11,'Reduced Spot Curves'!$H:$DD,VLOOKUP(F$1,'Rate Mapping'!$A:$B,2,FALSE)+1,TRUE)*(12-MOD($B11,12))/12+VLOOKUP($A11*10000+$B11+12,'Reduced Spot Curves'!$H:$DD,VLOOKUP(F$1,'Rate Mapping'!$A:$B,2,FALSE)+1,TRUE)*(MOD($B11,12))/12 -> 0.037638048 | G11: =VLOOKUP($A11*10000+$B11,'Reduced Spot Curves'!$H:$DD,VLOOKUP(G$1,'Rate Mapping'!$A:$B,2,FALSE)+1,TRUE)*(12-MOD($B11,12))/12+VLOOKUP($A11*10000+$B11+12,'Reduced Spot Curves'!$H:$DD,VLOOKUP(G$1,'Rate Mapping'!$A:$B,2,FALSE)+1,TRUE)*(MOD($B11,12))/12 -> 0.037638048 | H11: =VLOOKUP($A11*10000+$B11,'Reduced Spot Curves'!$H:$DD,VLOOKUP(H$1,'Rate Mapping'!$A:$B,2,FALSE)+1,TRUE)*(12-MOD($B11,12))/12+VLOOKUP($A11*10000+$B11+12,'Reduced Spot Curves'!$H:$DD,VLOOKUP(H$1,'Rate Mapping'!$A:$B,2,FALSE)+1,TRUE)*(MOD($B11,12))/12 -> 0.037025447 | I11: =VLOOKUP($A11*10000+$B11,'Reduced Spot Curves'!$H:$DD,VLOOKUP(I$1,'Rate Mapping'!$A:$B,2,FALSE)+1,TRUE)*(12-MOD($B11,12))/12+VLOOKUP($A11*10000+$B11+12,'Reduced Spot Curves'!$H:$DD,VLOOKUP(I$1,'Rate Mapping'!$A:$B,2,FALSE)+1,TRUE)*(MOD($B11,12))/12 -> 0.036224697 | J11: =VLOOKUP($A11*10000+$B11,'Reduced Spot Curves'!$H:$DD,VLOOKUP(J$1,'Rate Mapping'!$A:$B,2,FALSE)+1,TRUE)*(12-MOD($B11,12))/12+VLOOKUP($A11*10000+$B11+12,'Reduced Spot Curves'!$H:$DD,VLOOKUP(J$1,'Rate Mapping'!$A:$B,2,FALSE)+1,TRUE)*(MOD($B11,12))/12 -> 0.035839658 | K11: =VLOOKUP($A11*10000+$B11,'Reduced Spot Curves'!$H:$DD,VLOOKUP(K$1,'Rate Mapping'!$A:$B,2,FALSE)+1,TRUE)*(12-MOD($B11,12))/12+VLOOKUP($A11*10000+$B11+12,'Reduced Spot Curves'!$H:$DD,VLOOKUP(K$1,'Rate Mapping'!$A:$B,2,FALSE)+1,TRUE)*(MOD($B11,12))/12 -> 0.035420651 | ... Y11: =VLOOKUP($A11*10000+$B11,'Reduced Spot Curves'!$H:$DD,VLOOKUP(Y$1,'Rate Mapping'!$A:$B,2,FALSE)+1,TRUE)*(12-MOD($B11,12))/12+VLOOKUP($A11*10000+$B11+12,'Reduced Spot Curves'!$H:$DD,VLOOKUP(Y$1,'Rate Mapping'!$A:$B,2,FALSE)+1,TRUE)*(MOD($B11,12))/12 -> 0.0387163 | Z11: =Z10 -> 0.06 | AA11: =AA10 -> 0 | AB11: =AB10 -> 0 | AC11: =AC10 -> 0
A12: 0 | B12: 30 | C12: =Currency -> USD | D12: =VLOOKUP($A12*10000+$B12,'Reduced Spot Curves'!$H:$DD,VLOOKUP(D$1,'Rate Mapping'!$A:$B,2,FALSE)+1,TRUE)*(12-MOD($B12,12))/12+VLOOKUP($A12*10000+$B12+12,'Reduced Spot Curves'!$H:$DD,VLOOKUP(D$1,'Rate Mapping'!$A:$B,2,FALSE)+1,TRUE)*(MOD($B12,12))/12 -> 0.037446098 | E12: =VLOOKUP($A12*10000+$B12,'Reduced Spot Curves'!$H:$DD,VLOOKUP(E$1,'Rate Mapping'!$A:$B,2,FALSE)+1,TRUE)*(12-MOD($B12,12))/12+VLOOKUP($A12*10000+$B12+12,'Reduced Spot Curves'!$H:$DD,VLOOKUP(E$1,'Rate Mapping'!$A:$B,2,FALSE)+1,TRUE)*(MOD($B12,12))/12 -> 0.037446098 | F12: =VLOOKUP($A12*10000+$B12,'Reduced Spot Curves'!$H:$DD,VLOOKUP(F$1,'Rate Mapping'!$A:$B,2,FALSE)+1,TRUE)*(12-MOD($B12,12))/12+VLOOKUP($A12*10000+$B12+12,'Reduced Spot Curves'!$H:$DD,VLOOKUP(F$1,'Rate Mapping'!$A:$B,2,FALSE)+1,TRUE)*(MOD($B12,12))/12 -> 0.037446098 | G12: =VLOOKUP($A12*10000+$B12,'Reduced Spot Curves'!$H:$DD,VLOOKUP(G$1,'Rate Mapping'!$A:$B,2,FALSE)+1,TRUE)*(12-MOD($B12,12))/12+VLOOKUP($A12*10000+$B12+12,'Reduced Spot Curves'!$H:$DD,VLOOKUP(G$1,'Rate Mapping'!$A:$B,2,FALSE)+1,TRUE)*(MOD($B12,12))/12 -> 0.037446098 | H12: =VLOOKUP($A12*10000+$B12,'Reduced Spot Curves'!$H:$DD,VLOOKUP(H$1,'Rate Mapping'!$A:$B,2,FALSE)+1,TRUE)*(12-MOD($B12,12))/12+VLOOKUP($A12*10000+$B12+12,'Reduced Spot Curves'!$H:$DD,VLOOKUP(H$1,'Rate Mapping'!$A:$B,2,FALSE)+1,TRUE)*(MOD($B12,12))/12 -> 0.036604868 | I12: =VLOOKUP($A12*10000+$B12,'Reduced Spot Curves'!$H:$DD,VLOOKUP(I$1,'Rate Mapping'!$A:$B,2,FALSE)+1,TRUE)*(12-MOD($B12,12))/12+VLOOKUP($A12*10000+$B12+12,'Reduced Spot Curves'!$H:$DD,VLOOKUP(I$1,'Rate Mapping'!$A:$B,2,FALSE)+1,TRUE)*(MOD($B12,12))/12 -> 0.03599738 | J12: =VLOOKUP($A12*10000+$B12,'Reduced Spot Curves'!$H:$DD,VLOOKUP(J$1,'Rate Mapping'!$A:$B,2,FALSE)+1,TRUE)*(12-MOD($B12,12))/12+VLOOKUP($A12*10000+$B12+12,'Reduced Spot Curves'!$H:$DD,VLOOKUP(J$1,'Rate Mapping'!$A:$B,2,FALSE)+1,TRUE)*(MOD($B12,12))/12 -> 0.03556523 | K12: =VLOOKUP($A12*10000+$B12,'Reduced Spot Curves'!$H:$DD,VLOOKUP(K$1,'Rate Mapping'!$A:$B,2,FALSE)+1,TRUE)*(12-MOD($B12,12))/12+VLOOKUP($A12*10000+$B12+12,'Reduced Spot Curves'!$H:$DD,VLOOKUP(K$1,'Rate Mapping'!$A:$B,2,FALSE)+1,TRUE)*(MOD($B12,12))/12 -> 0.035262815 | ... Y12: =VLOOKUP($A12*10000+$B12,'Reduced Spot Curves'!$H:$DD,VLOOKUP(Y$1,'Rate Mapping'!$A:$B,2,FALSE)+1,TRUE)*(12-MOD($B12,12))/12+VLOOKUP($A12*10000+$B12+12,'Reduced Spot Curves'!$H:$DD,VLOOKUP(Y$1,'Rate Mapping'!$A:$B,2,FALSE)+1,TRUE)*(MOD($B12,12))/12 -> 0.0387163 | Z12: =Z11 -> 0.06 | AA12: =AA11 -> 0 | AB12: =AB11 -> 0 | AC12: =AC11 -> 0
A13: 0 | B13: 33 | C13: =Currency -> USD | D13: =VLOOKUP($A13*10000+$B13,'Reduced Spot Curves'!$H:$DD,VLOOKUP(D$1,'Rate Mapping'!$A:$B,2,FALSE)+1,TRUE)*(12-MOD($B13,12))/12+VLOOKUP($A13*10000+$B13+12,'Reduced Spot Curves'!$H:$DD,VLOOKUP(D$1,'Rate Mapping'!$A:$B,2,FALSE)+1,TRUE)*(MOD($B13,12))/12 -> 0.037254149 | E13: =VLOOKUP($A13*10000+$B13,'Reduced Spot Curves'!$H:$DD,VLOOKUP(E$1,'Rate Mapping'!$A:$B,2,FALSE)+1,TRUE)*(12-MOD($B13,12))/12+VLOOKUP($A13*10000+$B13+12,'Reduced Spot Curves'!$H:$DD,VLOOKUP(E$1,'Rate Mapping'!$A:$B,2,FALSE)+1,TRUE)*(MOD($B13,12))/12 -> 0.037254149 | F13: =VLOOKUP($A13*10000+$B13,'Reduced Spot Curves'!$H:$DD,VLOOKUP(F$1,'Rate Mapping'!$A:$B,2,FALSE)+1,TRUE)*(12-MOD($B13,12))/12+VLOOKUP($A13*10000+$B13+12,'Reduced Spot Curves'!$H:$DD,VLOOKUP(F$1,'Rate Mapping'!$A:$B,2,FALSE)+1,TRUE)*(MOD($B13,12))/12 -> 0.037254149 | G13: =VLOOKUP($A13*10000+$B13,'Reduced Spot Curves'!$H:$DD,VLOOKUP(G$1,'Rate Mapping'!$A:$B,2,FALSE)+1,TRUE)*(12-MOD($B13,12))/12+VLOOKUP($A13*10000+$B13+12,'Reduced Spot Curves'!$H:$DD,VLOOKUP(G$1,'Rate Mapping'!$A:$B,2,FALSE)+1,TRUE)*(MOD($B13,12))/12 -> 0.037254149 | H13: =VLOOKUP($A13*10000+$B13,'Reduced Spot Curves'!$H:$DD,VLOOKUP(H$1,'Rate Mapping'!$A:$B,2,FALSE)+1,TRUE)*(12-MOD($B13,12))/12+VLOOKUP($A13*10000+$B13+12,'Reduced Spot Curves'!$H:$DD,VLOOKUP(H$1,'Rate Mapping'!$A:$B,2,FALSE)+1,TRUE)*(MOD($B13,12))/12 -> 0.036184288 | I13: =VLOOKUP($A13*10000+$B13,'Reduced Spot Curves'!$H:$DD,VLOOKUP(I$1,'Rate Mapping'!$A:$B,2,FALSE)+1,TRUE)*(12-MOD($B13,12))/12+VLOOKUP($A13*10000+$B13+12,'Reduced Spot Curves'!$H:$DD,VLOOKUP(I$1,'Rate Mapping'!$A:$B,2,FALSE)+1,TRUE)*(MOD($B13,12))/12 -> 0.035770063 | J13: =VLOOKUP($A13*10000+$B13,'Reduced Spot Curves'!$H:$DD,VLOOKUP(J$1,'Rate Mapping'!$A:$B,2,FALSE)+1,TRUE)*(12-MOD($B13,12))/12+VLOOKUP($A13*10000+$B13+12,'Reduced Spot Curves'!$H:$DD,VLOOKUP(J$1,'Rate Mapping'!$A:$B,2,FALSE)+1,TRUE)*(MOD($B13,12))/12 -> 0.035290802 | K13: =VLOOKUP($A13*10000+$B13,'Reduced Spot Curves'!$H:$DD,VLOOKUP(K$1,'Rate Mapping'!$A:$B,2,FALSE)+1,TRUE)*(12-MOD($B13,12))/12+VLOOKUP($A13*10000+$B13+12,'Reduced Spot Curves'!$H:$DD,VLOOKUP(K$1,'Rate Mapping'!$A:$B,2,FALSE)+1,TRUE)*(MOD($B13,12))/12 -> 0.035104979 | ... Y13: =VLOOKUP($A13*10000+$B13,'Reduced Spot Curves'!$H:$DD,VLOOKUP(Y$1,'Rate Mapping'!$A:$B,2,FALSE)+1,TRUE)*(12-MOD($B13,12))/12+VLOOKUP($A13*10000+$B13+12,'Reduced Spot Curves'!$H:$DD,VLOOKUP(Y$1,'Rate Mapping'!$A:$B,2,FALSE)+1,TRUE)*(MOD($B13,12))/12 -> 0.0387163 | Z13: =Z12 -> 0.06 | AA13: =AA12 -> 0 | AB13: =AB12 -> 0 | AC13: =AC12 -> 0
A14: 0 | B14: 36 | C14: =Currency -> USD | D14: =VLOOKUP($A14*10000+$B14,'Reduced Spot Curves'!$H:$DD,VLOOKUP(D$1,'Rate Mapping'!$A:$B,2,FALSE)+1,TRUE)*(12-MOD($B14,12))/12+VLOOKUP($A14*10000+$B14+12,'Reduced Spot Curves'!$H:$DD,VLOOKUP(D$1,'Rate Mapping'!$A:$B,2,FALSE)+1,TRUE)*(MOD($B14,12))/12 -> 0.037062199 | E14: =VLOOKUP($A14*10000+$B14,'Reduced Spot Curves'!$H:$DD,VLOOKUP(E$1,'Rate Mapping'!$A:$B,2,FALSE)+1,TRUE)*(12-MOD($B14,12))/12+VLOOKUP($A14*10000+$B14+12,'Reduced Spot Curves'!$H:$DD,VLOOKUP(E$1,'Rate Mapping'!$A:$B,2,FALSE)+1,TRUE)*(MOD($B14,12))/12 -> 0.037062199 | F14: =VLOOKUP($A14*10000+$B14,'Reduced Spot Curves'!$H:$DD,VLOOKUP(F$1,'Rate Mapping'!$A:$B,2,FALSE)+1,TRUE)*(12-MOD($B14,12))/12+VLOOKUP($A14*10000+$B14+12,'Reduced Spot Curves'!$H:$DD,VLOOKUP(F$1,'Rate Mapping'!$A:$B,2,FALSE)+1,TRUE)*(MOD($B14,12))/12 -> 0.037062199 | G14: =VLOOKUP($A14*10000+$B14,'Reduced Spot Curves'!$H:$DD,VLOOKUP(G$1,'Rate Mapping'!$A:$B,2,FALSE)+1,TRUE)*(12-MOD($B14,12))/12+VLOOKUP($A14*10000+$B14+12,'Reduced Spot Curves'!$H:$DD,VLOOKUP(G$1,'Rate Mapping'!$A:$B,2,FALSE)+1,TRUE)*(MOD($B14,12))/12 -> 0.037062199 | H14: =VLOOKUP($A14*10000+$B14,'Reduced Spot Curves'!$H:$DD,VLOOKUP(H$1,'Rate Mapping'!$A:$B,2,FALSE)+1,TRUE)*(12-MOD($B14,12))/12+VLOOKUP($A14*10000+$B14+12,'Reduced Spot Curves'!$H:$DD,VLOOKUP(H$1,'Rate Mapping'!$A:$B,2,FALSE)+1,TRUE)*(MOD($B14,12))/12 -> 0.035763708 | I14: =VLOOKUP($A14*10000+$B14,'Reduced Spot Curves'!$H:$DD,VLOOKUP(I$1,'Rate Mapping'!$A:$B,2,FALSE)+1,TRUE)*(12-MOD($B14,12))/12+VLOOKUP($A14*10000+$B14+12,'Reduced Spot Curves'!$H:$DD,VLOOKUP(I$1,'Rate Mapping'!$A:$B,2,FALSE)+1,TRUE)*(MOD($B14,12))/12 -> 0.035542746 | J14: =VLOOKUP($A14*10000+$B14,'Reduced Spot Curves'!$H:$DD,VLOOKUP(J$1,'Rate Mapping'!$A:$B,2,FALSE)+1,TRUE)*(12-MOD($B14,12))/12+VLOOKUP($A14*10000+$B14+12,'Reduced Spot Curves'!$H:$DD,VLOOKUP(J$1,'Rate Mapping'!$A:$B,2,FALSE)+1,TRUE)*(MOD($B14,12))/12 -> 0.035016373 | K14: =VLOOKUP($A14*10000+$B14,'Reduced Spot Curves'!$H:$DD,VLOOKUP(K$1,'Rate Mapping'!$A:$B,2,FALSE)+1,TRUE)*(12-MOD($B14,12))/12+VLOOKUP($A14*10000+$B14+12,'Reduced Spot Curves'!$H:$DD,VLOOKUP(K$1,'Rate Mapping'!$A:$B,2,FALSE)+1,TRUE)*(MOD($B14,12))/12 -> 0.034947143 | ... Y14: =VLOOKUP($A14*10000+$B14,'Reduced Spot Curves'!$H:$DD,VLOOKUP(Y$1,'Rate Mapping'!$A:$B,2,FALSE)+1,TRUE)*(12-MOD($B14,12))/12+VLOOKUP($A14*10000+$B14+12,'Reduced Spot Curves'!$H:$DD,VLOOKUP(Y$1,'Rate Mapping'!$A:$B,2,FALSE)+1,TRUE)*(MOD($B14,12))/12 -> 0.0387163 | Z14: =Z13 -> 0.06 | AA14: =AA13 -> 0 | AB14: =AB13 -> 0 | AC14: =AC13 -> 0
... A82: 0 | B82: 600 | C82: =Currency -> USD | D82: =VLOOKUP($A82*10000+$B82,'Reduced Spot Curves'!$H:$DD,VLOOKUP(D$1,'Rate Mapping'!$A:$B,2,FALSE)+1,TRUE)*(12-MOD($B82,12))/12+VLOOKUP($A82*10000+$B82+12,'Reduced Spot Curves'!$H:$DD,VLOOKUP(D$1,'Rate Mapping'!$A:$B,2,FALSE)+1,TRUE)*(MOD($B82,12))/12 -> 0.054545304 | E82: =VLOOKUP($A82*10000+$B82,'Reduced Spot Curves'!$H:$DD,VLOOKUP(E$1,'Rate Mapping'!$A:$B,2,FALSE)+1,TRUE)*(12-MOD($B82,12))/12+VLOOKUP($A82*10000+$B82+12,'Reduced Spot Curves'!$H:$DD,VLOOKUP(E$1,'Rate Mapping'!$A:$B,2,FALSE)+1,TRUE)*(MOD($B82,12))/12 -> 0.054545304 | F82: =VLOOKUP($A82*10000+$B82,'Reduced Spot Curves'!$H:$DD,VLOOKUP(F$1,'Rate Mapping'!$A:$B,2,FALSE)+1,TRUE)*(12-MOD($B82,12))/12+VLOOKUP($A82*10000+$B82+12,'Reduced Spot Curves'!$H:$DD,VLOOKUP(F$1,'Rate Mapping'!$A:$B,2,FALSE)+1,TRUE)*(MOD($B82,12))/12 -> 0.054545304 | G82: =VLOOKUP($A82*10000+$B82,'Reduced Spot Curves'!$H:$DD,VLOOKUP(G$1,'Rate Mapping'!$A:$B,2,FALSE)+1,TRUE)*(12-MOD($B82,12))/12+VLOOKUP($A82*10000+$B82+12,'Reduced Spot Curves'!$H:$DD,VLOOKUP(G$1,'Rate Mapping'!$A:$B,2,FALSE)+1,TRUE)*(MOD($B82,12))/12 -> 0.054545304 | H82: =VLOOKUP($A82*10000+$B82,'Reduced Spot Curves'!$H:$DD,VLOOKUP(H$1,'Rate Mapping'!$A:$B,2,FALSE)+1,TRUE)*(12-MOD($B82,12))/12+VLOOKUP($A82*10000+$B82+12,'Reduced Spot Curves'!$H:$DD,VLOOKUP(H$1,'Rate Mapping'!$A:$B,2,FALSE)+1,TRUE)*(MOD($B82,12))/12 -> 0.05457169 | I82: =VLOOKUP($A82*10000+$B82,'Reduced Spot Curves'!$H:$DD,VLOOKUP(I$1,'Rate Mapping'!$A:$B,2,FALSE)+1,TRUE)*(12-MOD($B82,12))/12+VLOOKUP($A82*10000+$B82+12,'Reduced Spot Curves'!$H:$DD,VLOOKUP(I$1,'Rate Mapping'!$A:$B,2,FALSE)+1,TRUE)*(MOD($B82,12))/12 -> 0.054492705 | J82: =VLOOKUP($A82*10000+$B82,'Reduced Spot Curves'!$H:$DD,VLOOKUP(J$1,'Rate Mapping'!$A:$B,2,FALSE)+1,TRUE)*(12-MOD($B82,12))/12+VLOOKUP($A82*10000+$B82+12,'Reduced Spot Curves'!$H:$DD,VLOOKUP(J$1,'Rate Mapping'!$A:$B,2,FALSE)+1,TRUE)*(MOD($B82,12))/12 -> 0.054303273 | K82: =VLOOKUP($A82*10000+$B82,'Reduced Spot Curves'!$H:$DD,VLOOKUP(K$1,'Rate Mapping'!$A:$B,2,FALSE)+1,TRUE)*(12-MOD($B82,12))/12+VLOOKUP($A82*10000+$B82+12,'Reduced Spot Curves'!$H:$DD,VLOOKUP(K$1,'Rate Mapping'!$A:$B,2,FALSE)+1,TRUE)*(MOD($B82,12))/12 -> 0.053998375 | ... Y82: =VLOOKUP($A82*10000+$B82,'Reduced Spot Curves'!$H:$DD,VLOOKUP(Y$1,'Rate Mapping'!$A:$B,2,FALSE)+1,TRUE)*(12-MOD($B82,12))/12+VLOOKUP($A82*10000+$B82+12,'Reduced Spot Curves'!$H:$DD,VLOOKUP(Y$1,'Rate Mapping'!$A:$B,2,FALSE)+1,TRUE)*(MOD($B82,12))/12 -> 0.0387163 | Z82: =Z81 -> 0.06 | AA82: =AA81 -> 0 | AB82: =AB81 -> 0 | AC82: =AC81 -> 0
A83: =A2+1 -> 1 | B83: =B2 -> 0 | C83: =Currency -> USD | D83: =VLOOKUP($A83*10000+$B83,'Reduced Spot Curves'!$H:$DD,VLOOKUP(D$1,'Rate Mapping'!$A:$B,2,FALSE)+1,TRUE)*(12-MOD($B83,12))/12+VLOOKUP($A83*10000+$B83+12,'Reduced Spot Curves'!$H:$DD,VLOOKUP(D$1,'Rate Mapping'!$A:$B,2,FALSE)+1,TRUE)*(MOD($B83,12))/12 -> 0.044490912 | E83: =VLOOKUP($A83*10000+$B83,'Reduced Spot Curves'!$H:$DD,VLOOKUP(E$1,'Rate Mapping'!$A:$B,2,FALSE)+1,TRUE)*(12-MOD($B83,12))/12+VLOOKUP($A83*10000+$B83+12,'Reduced Spot Curves'!$H:$DD,VLOOKUP(E$1,'Rate Mapping'!$A:$B,2,FALSE)+1,TRUE)*(MOD($B83,12))/12 -> 0.044490912 | F83: =VLOOKUP($A83*10000+$B83,'Reduced Spot Curves'!$H:$DD,VLOOKUP(F$1,'Rate Mapping'!$A:$B,2,FALSE)+1,TRUE)*(12-MOD($B83,12))/12+VLOOKUP($A83*10000+$B83+12,'Reduced Spot Curves'!$H:$DD,VLOOKUP(F$1,'Rate Mapping'!$A:$B,2,FALSE)+1,TRUE)*(MOD($B83,12))/12 -> 0.044490912 | G83: =VLOOKUP($A83*10000+$B83,'Reduced Spot Curves'!$H:$DD,VLOOKUP(G$1,'Rate Mapping'!$A:$B,2,FALSE)+1,TRUE)*(12-MOD($B83,12))/12+VLOOKUP($A83*10000+$B83+12,'Reduced Spot Curves'!$H:$DD,VLOOKUP(G$1,'Rate Mapping'!$A:$B,2,FALSE)+1,TRUE)*(MOD($B83,12))/12 -> 0.044490912 | H83: =VLOOKUP($A83*10000+$B83,'Reduced Spot Curves'!$H:$DD,VLOOKUP(H$1,'Rate Mapping'!$A:$B,2,FALSE)+1,TRUE)*(12-MOD($B83,12))/12+VLOOKUP($A83*10000+$B83+12,'Reduced Spot Curves'!$H:$DD,VLOOKUP(H$1,'Rate Mapping'!$A:$B,2,FALSE)+1,TRUE)*(MOD($B83,12))/12 -> 0.043834498 | I83: =VLOOKUP($A83*10000+$B83,'Reduced Spot Curves'!$H:$DD,VLOOKUP(I$1,'Rate Mapping'!$A:$B,2,FALSE)+1,TRUE)*(12-MOD($B83,12))/12+VLOOKUP($A83*10000+$B83+12,'Reduced Spot Curves'!$H:$DD,VLOOKUP(I$1,'Rate Mapping'!$A:$B,2,FALSE)+1,TRUE)*(MOD($B83,12))/12 -> 0.041829148 | J83: =VLOOKUP($A83*10000+$B83,'Reduced Spot Curves'!$H:$DD,VLOOKUP(J$1,'Rate Mapping'!$A:$B,2,FALSE)+1,TRUE)*(12-MOD($B83,12))/12+VLOOKUP($A83*10000+$B83+12,'Reduced Spot Curves'!$H:$DD,VLOOKUP(J$1,'Rate Mapping'!$A:$B,2,FALSE)+1,TRUE)*(MOD($B83,12))/12 -> 0.04063536 | K83: =VLOOKUP($A83*10000+$B83,'Reduced Spot Curves'!$H:$DD,VLOOKUP(K$1,'Rate Mapping'!$A:$B,2,FALSE)+1,TRUE)*(12-MOD($B83,12))/12+VLOOKUP($A83*10000+$B83+12,'Reduced Spot Curves'!$H:$DD,VLOOKUP(K$1,'Rate Mapping'!$A:$B,2,FALSE)+1,TRUE)*(MOD($B83,12))/12 -> 0.039398721 | ... Y83: =VLOOKUP($A83*10000+$B83,'Reduced Spot Curves'!$H:$DD,VLOOKUP(Y$1,'Rate Mapping'!$A:$B,2,FALSE)+1,TRUE)*(12-MOD($B83,12))/12+VLOOKUP($A83*10000+$B83+12,'Reduced Spot Curves'!$H:$DD,VLOOKUP(Y$1,'Rate Mapping'!$A:$B,2,FALSE)+1,TRUE)*(MOD($B83,12))/12 -> 0.0387163 | Z83: =Z82 -> 0.06 | AA83: =AA82 -> 0 | AB83: =AB82 -> 0 | AC83: =AC82 -> 0
A84: =A3+1 -> 1 | B84: =B3 -> 3 | C84: =Currency -> USD | D84: =VLOOKUP($A84*10000+$B84,'Reduced Spot Curves'!$H:$DD,VLOOKUP(D$1,'Rate Mapping'!$A:$B,2,FALSE)+1,TRUE)*(12-MOD($B84,12))/12+VLOOKUP($A84*10000+$B84+12,'Reduced Spot Curves'!$H:$DD,VLOOKUP(D$1,'Rate Mapping'!$A:$B,2,FALSE)+1,TRUE)*(MOD($B84,12))/12 -> 0.043787808 | E84: =VLOOKUP($A84*10000+$B84,'Reduced Spot Curves'!$H:$DD,VLOOKUP(E$1,'Rate Mapping'!$A:$B,2,FALSE)+1,TRUE)*(12-MOD($B84,12))/12+VLOOKUP($A84*10000+$B84+12,'Reduced Spot Curves'!$H:$DD,VLOOKUP(E$1,'Rate Mapping'!$A:$B,2,FALSE)+1,TRUE)*(MOD($B84,12))/12 -> 0.043787808 | F84: =VLOOKUP($A84*10000+$B84,'Reduced Spot Curves'!$H:$DD,VLOOKUP(F$1,'Rate Mapping'!$A:$B,2,FALSE)+1,TRUE)*(12-MOD($B84,12))/12+VLOOKUP($A84*10000+$B84+12,'Reduced Spot Curves'!$H:$DD,VLOOKUP(F$1,'Rate Mapping'!$A:$B,2,FALSE)+1,TRUE)*(MOD($B84,12))/12 -> 0.043787808 | G84: =VLOOKUP($A84*10000+$B84,'Reduced Spot Curves'!$H:$DD,VLOOKUP(G$1,'Rate Mapping'!$A:$B,2,FALSE)+1,TRUE)*(12-MOD($B84,12))/12+VLOOKUP($A84*10000+$B84+12,'Reduced Spot Curves'!$H:$DD,VLOOKUP(G$1,'Rate Mapping'!$A:$B,2,FALSE)+1,TRUE)*(MOD($B84,12))/12 -> 0.043787808 | H84: =VLOOKUP($A84*10000+$B84,'Reduced Spot Curves'!$H:$DD,VLOOKUP(H$1,'Rate Mapping'!$A:$B,2,FALSE)+1,TRUE)*(12-MOD($B84,12))/12+VLOOKUP($A84*10000+$B84+12,'Reduced Spot Curves'!$H:$DD,VLOOKUP(H$1,'Rate Mapping'!$A:$B,2,FALSE)+1,TRUE)*(MOD($B84,12))/12 -> 0.042626076 | I84: =VLOOKUP($A84*10000+$B84,'Reduced Spot Curves'!$H:$DD,VLOOKUP(I$1,'Rate Mapping'!$A:$B,2,FALSE)+1,TRUE)*(12-MOD($B84,12))/12+VLOOKUP($A84*10000+$B84+12,'Reduced Spot Curves'!$H:$DD,VLOOKUP(I$1,'Rate Mapping'!$A:$B,2,FALSE)+1,TRUE)*(MOD($B84,12))/12 -> 0.040835196 | J84: =VLOOKUP($A84*10000+$B84,'Reduced Spot Curves'!$H:$DD,VLOOKUP(J$1,'Rate Mapping'!$A:$B,2,FALSE)+1,TRUE)*(12-MOD($B84,12))/12+VLOOKUP($A84*10000+$B84+12,'Reduced Spot Curves'!$H:$DD,VLOOKUP(J$1,'Rate Mapping'!$A:$B,2,FALSE)+1,TRUE)*(MOD($B84,12))/12 -> 0.039633909 | K84: =VLOOKUP($A84*10000+$B84,'Reduced Spot Curves'!$H:$DD,VLOOKUP(K$1,'Rate Mapping'!$A:$B,2,FALSE)+1,TRUE)*(12-MOD($B84,12))/12+VLOOKUP($A84*10000+$B84+12,'Reduced Spot Curves'!$H:$DD,VLOOKUP(K$1,'Rate Mapping'!$A:$B,2,FALSE)+1,TRUE)*(MOD($B84,12))/12 -> 0.038554823 | ... Y84: =VLOOKUP($A84*10000+$B84,'Reduced Spot Curves'!$H:$DD,VLOOKUP(Y$1,'Rate Mapping'!$A:$B,2,FALSE)+1,TRUE)*(12-MOD($B84,12))/12+VLOOKUP($A84*10000+$B84+12,'Reduced Spot Curves'!$H:$DD,VLOOKUP(Y$1,'Rate Mapping'!$A:$B,2,FALSE)+1,TRUE)*(MOD($B84,12))/12 -> 0.0383413 | Z84: =Z83 -> 0.06 | AA84: =AA83 -> 0 | AB84: =AB83 -> 0 | AC84: =AC83 -> 0
A85: =A4+1 -> 1 | B85: =B4 -> 6 | C85: =Currency -> USD | D85: =VLOOKUP($A85*10000+$B85,'Reduced Spot Curves'!$H:$DD,VLOOKUP(D$1,'Rate Mapping'!$A:$B,2,FALSE)+1,TRUE)*(12-MOD($B85,12))/12+VLOOKUP($A85*10000+$B85+12,'Reduced Spot Curves'!$H:$DD,VLOOKUP(D$1,'Rate Mapping'!$A:$B,2,FALSE)+1,TRUE)*(MOD($B85,12))/12 -> 0.043084704 | E85: =VLOOKUP($A85*10000+$B85,'Reduced Spot Curves'!$H:$DD,VLOOKUP(E$1,'Rate Mapping'!$A:$B,2,FALSE)+1,TRUE)*(12-MOD($B85,12))/12+VLOOKUP($A85*10000+$B85+12,'Reduced Spot Curves'!$H:$DD,VLOOKUP(E$1,'Rate Mapping'!$A:$B,2,FALSE)+1,TRUE)*(MOD($B85,12))/12 -> 0.043084704 | F85: =VLOOKUP($A85*10000+$B85,'Reduced Spot Curves'!$H:$DD,VLOOKUP(F$1,'Rate Mapping'!$A:$B,2,FALSE)+1,TRUE)*(12-MOD($B85,12))/12+VLOOKUP($A85*10000+$B85+12,'Reduced Spot Curves'!$H:$DD,VLOOKUP(F$1,'Rate Mapping'!$A:$B,2,FALSE)+1,TRUE)*(MOD($B85,12))/12 -> 0.043084704 | G85: =VLOOKUP($A85*10000+$B85,'Reduced Spot Curves'!$H:$DD,VLOOKUP(G$1,'Rate Mapping'!$A:$B,2,FALSE)+1,TRUE)*(12-MOD($B85,12))/12+VLOOKUP($A85*10000+$B85+12,'Reduced Spot Curves'!$H:$DD,VLOOKUP(G$1,'Rate Mapping'!$A:$B,2,FALSE)+1,TRUE)*(MOD($B85,12))/12 -> 0.043084704 | H85: =VLOOKUP($A85*10000+$B85,'Reduced Spot Curves'!$H:$DD,VLOOKUP(H$1,'Rate Mapping'!$A:$B,2,FALSE)+1,TRUE)*(12-MOD($B85,12))/12+VLOOKUP($A85*10000+$B85+12,'Reduced Spot Curves'!$H:$DD,VLOOKUP(H$1,'Rate Mapping'!$A:$B,2,FALSE)+1,TRUE)*(MOD($B85,12))/12 -> 0.041417654 | I85: =VLOOKUP($A85*10000+$B85,'Reduced Spot Curves'!$H:$DD,VLOOKUP(I$1,'Rate Mapping'!$A:$B,2,FALSE)+1,TRUE)*(12-MOD($B85,12))/12+VLOOKUP($A85*10000+$B85+12,'Reduced Spot Curves'!$H:$DD,VLOOKUP(I$1,'Rate Mapping'!$A:$B,2,FALSE)+1,TRUE)*(MOD($B85,12))/12 -> 0.039841245 | J85: =VLOOKUP($A85*10000+$B85,'Reduced Spot Curves'!$H:$DD,VLOOKUP(J$1,'Rate Mapping'!$A:$B,2,FALSE)+1,TRUE)*(12-MOD($B85,12))/12+VLOOKUP($A85*10000+$B85+12,'Reduced Spot Curves'!$H:$DD,VLOOKUP(J$1,'Rate Mapping'!$A:$B,2,FALSE)+1,TRUE)*(MOD($B85,12))/12 -> 0.038632459 | K85: =VLOOKUP($A85*10000+$B85,'Reduced Spot Curves'!$H:$DD,VLOOKUP(K$1,'Rate Mapping'!$A:$B,2,FALSE)+1,TRUE)*(12-MOD($B85,12))/12+VLOOKUP($A85*10000+$B85+12,'Reduced Spot Curves'!$H:$DD,VLOOKUP(K$1,'Rate Mapping'!$A:$B,2,FALSE)+1,TRUE)*(MOD($B85,12))/12 -> 0.037710926 | ... Y85: =VLOOKUP($A85*10000+$B85,'Reduced Spot Curves'!$H:$DD,VLOOKUP(Y$1,'Rate Mapping'!$A:$B,2,FALSE)+1,TRUE)*(12-MOD($B85,12))/12+VLOOKUP($A85*10000+$B85+12,'Reduced Spot Curves'!$H:$DD,VLOOKUP(Y$1,'Rate Mapping'!$A:$B,2,FALSE)+1,TRUE)*(MOD($B85,12))/12 -> 0.0379663 | Z85: =Z84 -> 0.06 | AA85: =AA84 -> 0 | AB85: =AB84 -> 0 | AC85: =AC84 -> 0
A86: =A5+1 -> 1 | B86: =B5 -> 9 | C86: =Currency -> USD | D86: =VLOOKUP($A86*10000+$B86,'Reduced Spot Curves'!$H:$DD,VLOOKUP(D$1,'Rate Mapping'!$A:$B,2,FALSE)+1,TRUE)*(12-MOD($B86,12))/12+VLOOKUP($A86*10000+$B86+12,'Reduced Spot Curves'!$H:$DD,VLOOKUP(D$1,'Rate Mapping'!$A:$B,2,FALSE)+1,TRUE)*(MOD($B86,12))/12 -> 0.0423816 | E86: =VLOOKUP($A86*10000+$B86,'Reduced Spot Curves'!$H:$DD,VLOOKUP(E$1,'Rate Mapping'!$A:$B,2,FALSE)+1,TRUE)*(12-MOD($B86,12))/12+VLOOKUP($A86*10000+$B86+12,'Reduced Spot Curves'!$H:$DD,VLOOKUP(E$1,'Rate Mapping'!$A:$B,2,FALSE)+1,TRUE)*(MOD($B86,12))/12 -> 0.0423816 | F86: =VLOOKUP($A86*10000+$B86,'Reduced Spot Curves'!$H:$DD,VLOOKUP(F$1,'Rate Mapping'!$A:$B,2,FALSE)+1,TRUE)*(12-MOD($B86,12))/12+VLOOKUP($A86*10000+$B86+12,'Reduced Spot Curves'!$H:$DD,VLOOKUP(F$1,'Rate Mapping'!$A:$B,2,FALSE)+1,TRUE)*(MOD($B86,12))/12 -> 0.0423816 | G86: =VLOOKUP($A86*10000+$B86,'Reduced Spot Curves'!$H:$DD,VLOOKUP(G$1,'Rate Mapping'!$A:$B,2,FALSE)+1,TRUE)*(12-MOD($B86,12))/12+VLOOKUP($A86*10000+$B86+12,'Reduced Spot Curves'!$H:$DD,VLOOKUP(G$1,'Rate Mapping'!$A:$B,2,FALSE)+1,TRUE)*(MOD($B86,12))/12 -> 0.0423816 | H86: =VLOOKUP($A86*10000+$B86,'Reduced Spot Curves'!$H:$DD,VLOOKUP(H$1,'Rate Mapping'!$A:$B,2,FALSE)+1,TRUE)*(12-MOD($B86,12))/12+VLOOKUP($A86*10000+$B86+12,'Reduced Spot Curves'!$H:$DD,VLOOKUP(H$1,'Rate Mapping'!$A:$B,2,FALSE)+1,TRUE)*(MOD($B86,12))/12 -> 0.040209232 | I86: =VLOOKUP($A86*10000+$B86,'Reduced Spot Curves'!$H:$DD,VLOOKUP(I$1,'Rate Mapping'!$A:$B,2,FALSE)+1,TRUE)*(12-MOD($B86,12))/12+VLOOKUP($A86*10000+$B86+12,'Reduced Spot Curves'!$H:$DD,VLOOKUP(I$1,'Rate Mapping'!$A:$B,2,FALSE)+1,TRUE)*(MOD($B86,12))/12 -> 0.038847293 | J86: =VLOOKUP($A86*10000+$B86,'Reduced Spot Curves'!$H:$DD,VLOOKUP(J$1,'Rate Mapping'!$A:$B,2,FALSE)+1,TRUE)*(12-MOD($B86,12))/12+VLOOKUP($A86*10000+$B86+12,'Reduced Spot Curves'!$H:$DD,VLOOKUP(J$1,'Rate Mapping'!$A:$B,2,FALSE)+1,TRUE)*(MOD($B86,12))/12 -> 0.037631008 | K86: =VLOOKUP($A86*10000+$B86,'Reduced Spot Curves'!$H:$DD,VLOOKUP(K$1,'Rate Mapping'!$A:$B,2,FALSE)+1,TRUE)*(12-MOD($B86,12))/12+VLOOKUP($A86*10000+$B86+12,'Reduced Spot Curves'!$H:$DD,VLOOKUP(K$1,'Rate Mapping'!$A:$B,2,FALSE)+1,TRUE)*(MOD($B86,12))/12 -> 0.036867028 | ... Y86: =VLOOKUP($A86*10000+$B86,'Reduced Spot Curves'!$H:$DD,VLOOKUP(Y$1,'Rate Mapping'!$A:$B,2,FALSE)+1,TRUE)*(12-MOD($B86,12))/12+VLOOKUP($A86*10000+$B86+12,'Reduced Spot Curves'!$H:$DD,VLOOKUP(Y$1,'Rate Mapping'!$A:$B,2,FALSE)+1,TRUE)*(MOD($B86,12))/12 -> 0.0375913 | Z86: =Z85 -> 0.06 | AA86: =AA85 -> 0 | AB86: =AB85 -> 0 | AC86: =AC85 -> 0
A87: =A6+1 -> 1 | B87: =B6 -> 12 | C87: =Currency -> USD | D87: =VLOOKUP($A87*10000+$B87,'Reduced Spot Curves'!$H:$DD,VLOOKUP(D$1,'Rate Mapping'!$A:$B,2,FALSE)+1,TRUE)*(12-MOD($B87,12))/12+VLOOKUP($A87*10000+$B87+12,'Reduced Spot Curves'!$H:$DD,VLOOKUP(D$1,'Rate Mapping'!$A:$B,2,FALSE)+1,TRUE)*(MOD($B87,12))/12 -> 0.041678496 | E87: =VLOOKUP($A87*10000+$B87,'Reduced Spot Curves'!$H:$DD,VLOOKUP(E$1,'Rate Mapping'!$A:$B,2,FALSE)+1,TRUE)*(12-MOD($B87,12))/12+VLOOKUP($A87*10000+$B87+12,'Reduced Spot Curves'!$H:$DD,VLOOKUP(E$1,'Rate Mapping'!$A:$B,2,FALSE)+1,TRUE)*(MOD($B87,12))/12 -> 0.041678496 | F87: =VLOOKUP($A87*10000+$B87,'Reduced Spot Curves'!$H:$DD,VLOOKUP(F$1,'Rate Mapping'!$A:$B,2,FALSE)+1,TRUE)*(12-MOD($B87,12))/12+VLOOKUP($A87*10000+$B87+12,'Reduced Spot Curves'!$H:$DD,VLOOKUP(F$1,'Rate Mapping'!$A:$B,2,FALSE)+1,TRUE)*(MOD($B87,12))/12 -> 0.041678496 | G87: =VLOOKUP($A87*10000+$B87,'Reduced Spot Curves'!$H:$DD,VLOOKUP(G$1,'Rate Mapping'!$A:$B,2,FALSE)+1,TRUE)*(12-MOD($B87,12))/12+VLOOKUP($A87*10000+$B87+12,'Reduced Spot Curves'!$H:$DD,VLOOKUP(G$1,'Rate Mapping'!$A:$B,2,FALSE)+1,TRUE)*(MOD($B87,12))/12 -> 0.041678496 | H87: =VLOOKUP($A87*10000+$B87,'Reduced Spot Curves'!$H:$DD,VLOOKUP(H$1,'Rate Mapping'!$A:$B,2,FALSE)+1,TRUE)*(12-MOD($B87,12))/12+VLOOKUP($A87*10000+$B87+12,'Reduced Spot Curves'!$H:$DD,VLOOKUP(H$1,'Rate Mapping'!$A:$B,2,FALSE)+1,TRUE)*(MOD($B87,12))/12 -> 0.03900081 | I87: =VLOOKUP($A87*10000+$B87,'Reduced Spot Curves'!$H:$DD,VLOOKUP(I$1,'Rate Mapping'!$A:$B,2,FALSE)+1,TRUE)*(12-MOD($B87,12))/12+VLOOKUP($A87*10000+$B87+12,'Reduced Spot Curves'!$H:$DD,VLOOKUP(I$1,'Rate Mapping'!$A:$B,2,FALSE)+1,TRUE)*(MOD($B87,12))/12 -> 0.037853342 | J87: =VLOOKUP($A87*10000+$B87,'Reduced Spot Curves'!$H:$DD,VLOOKUP(J$1,'Rate Mapping'!$A:$B,2,FALSE)+1,TRUE)*(12-MOD($B87,12))/12+VLOOKUP($A87*10000+$B87+12,'Reduced Spot Curves'!$H:$DD,VLOOKUP(J$1,'Rate Mapping'!$A:$B,2,FALSE)+1,TRUE)*(MOD($B87,12))/12 -> 0.036629557 | K87: =VLOOKUP($A87*10000+$B87,'Reduced Spot Curves'!$H:$DD,VLOOKUP(K$1,'Rate Mapping'!$A:$B,2,FALSE)+1,TRUE)*(12-MOD($B87,12))/12+VLOOKUP($A87*10000+$B87+12,'Reduced Spot Curves'!$H:$DD,VLOOKUP(K$1,'Rate Mapping'!$A:$B,2,FALSE)+1,TRUE)*(MOD($B87,12))/12 -> 0.036023131 | ... Y87: =VLOOKUP($A87*10000+$B87,'Reduced Spot Curves'!$H:$DD,VLOOKUP(Y$1,'Rate Mapping'!$A:$B,2,FALSE)+1,TRUE)*(12-MOD($B87,12))/12+VLOOKUP($A87*10000+$B87+12,'Reduced Spot Curves'!$H:$DD,VLOOKUP(Y$1,'Rate Mapping'!$A:$B,2,FALSE)+1,TRUE)*(MOD($B87,12))/12 -> 0.0372163 | Z87: =Z86 -> 0.06 | AA87: =AA86 -> 0 | AB87: =AB86 -> 0 | AC87: =AC86 -> 0
A88: =A7+1 -> 1 | B88: =B7 -> 15 | C88: =Currency -> USD | D88: =VLOOKUP($A88*10000+$B88,'Reduced Spot Curves'!$H:$DD,VLOOKUP(D$1,'Rate Mapping'!$A:$B,2,FALSE)+1,TRUE)*(12-MOD($B88,12))/12+VLOOKUP($A88*10000+$B88+12,'Reduced Spot Curves'!$H:$DD,VLOOKUP(D$1,'Rate Mapping'!$A:$B,2,FALSE)+1,TRUE)*(MOD($B88,12))/12 -> 0.039966372 | E88: =VLOOKUP($A88*10000+$B88,'Reduced Spot Curves'!$H:$DD,VLOOKUP(E$1,'Rate Mapping'!$A:$B,2,FALSE)+1,TRUE)*(12-MOD($B88,12))/12+VLOOKUP($A88*10000+$B88+12,'Reduced Spot Curves'!$H:$DD,VLOOKUP(E$1,'Rate Mapping'!$A:$B,2,FALSE)+1,TRUE)*(MOD($B88,12))/12 -> 0.039966372 | F88: =VLOOKUP($A88*10000+$B88,'Reduced Spot Curves'!$H:$DD,VLOOKUP(F$1,'Rate Mapping'!$A:$B,2,FALSE)+1,TRUE)*(12-MOD($B88,12))/12+VLOOKUP($A88*10000+$B88+12,'Reduced Spot Curves'!$H:$DD,VLOOKUP(F$1,'Rate Mapping'!$A:$B,2,FALSE)+1,TRUE)*(MOD($B88,12))/12 -> 0.039966372 | G88: =VLOOKUP($A88*10000+$B88,'Reduced Spot Curves'!$H:$DD,VLOOKUP(G$1,'Rate Mapping'!$A:$B,2,FALSE)+1,TRUE)*(12-MOD($B88,12))/12+VLOOKUP($A88*10000+$B88+12,'Reduced Spot Curves'!$H:$DD,VLOOKUP(G$1,'Rate Mapping'!$A:$B,2,FALSE)+1,TRUE)*(MOD($B88,12))/12 -> 0.039966372 | H88: =VLOOKUP($A88*10000+$B88,'Reduced Spot Curves'!$H:$DD,VLOOKUP(H$1,'Rate Mapping'!$A:$B,2,FALSE)+1,TRUE)*(12-MOD($B88,12))/12+VLOOKUP($A88*10000+$B88+12,'Reduced Spot Curves'!$H:$DD,VLOOKUP(H$1,'Rate Mapping'!$A:$B,2,FALSE)+1,TRUE)*(MOD($B88,12))/12 -> 0.037862115 | I88: =VLOOKUP($A88*10000+$B88,'Reduced Spot Curves'!$H:$DD,VLOOKUP(I$1,'Rate Mapping'!$A:$B,2,FALSE)+1,TRUE)*(12-MOD($B88,12))/12+VLOOKUP($A88*10000+$B88+12,'Reduced Spot Curves'!$H:$DD,VLOOKUP(I$1,'Rate Mapping'!$A:$B,2,FALSE)+1,TRUE)*(MOD($B88,12))/12 -> 0.03675301 | J88: =VLOOKUP($A88*10000+$B88,'Reduced Spot Curves'!$H:$DD,VLOOKUP(J$1,'Rate Mapping'!$A:$B,2,FALSE)+1,TRUE)*(12-MOD($B88,12))/12+VLOOKUP($A88*10000+$B88+12,'Reduced Spot Curves'!$H:$DD,VLOOKUP(J$1,'Rate Mapping'!$A:$B,2,FALSE)+1,TRUE)*(MOD($B88,12))/12 -> 0.035750689 | K88: =VLOOKUP($A88*10000+$B88,'Reduced Spot Curves'!$H:$DD,VLOOKUP(K$1,'Rate Mapping'!$A:$B,2,FALSE)+1,TRUE)*(12-MOD($B88,12))/12+VLOOKUP($A88*10000+$B88+12,'Reduced Spot Curves'!$H:$DD,VLOOKUP(K$1,'Rate Mapping'!$A:$B,2,FALSE)+1,TRUE)*(MOD($B88,12))/12 -> 0.03516197 | ... Y88: =VLOOKUP($A88*10000+$B88,'Reduced Spot Curves'!$H:$DD,VLOOKUP(Y$1,'Rate Mapping'!$A:$B,2,FALSE)+1,TRUE)*(12-MOD($B88,12))/12+VLOOKUP($A88*10000+$B88+12,'Reduced Spot Curves'!$H:$DD,VLOOKUP(Y$1,'Rate Mapping'!$A:$B,2,FALSE)+1,TRUE)*(MOD($B88,12))/12 -> 0.0368413 | Z88: =Z87 -> 0.06 | AA88: =AA87 -> 0 | AB88: =AB87 -> 0 | AC88: =AC87 -> 0
A89: =A8+1 -> 1 | B89: =B8 -> 18 | C89: =Currency -> USD | D89: =VLOOKUP($A89*10000+$B89,'Reduced Spot Curves'!$H:$DD,VLOOKUP(D$1,'Rate Mapping'!$A:$B,2,FALSE)+1,TRUE)*(12-MOD($B89,12))/12+VLOOKUP($A89*10000+$B89+12,'Reduced Spot Curves'!$H:$DD,VLOOKUP(D$1,'Rate Mapping'!$A:$B,2,FALSE)+1,TRUE)*(MOD($B89,12))/12 -> 0.038254247 | E89: =VLOOKUP($A89*10000+$B89,'Reduced Spot Curves'!$H:$DD,VLOOKUP(E$1,'Rate Mapping'!$A:$B,2,FALSE)+1,TRUE)*(12-MOD($B89,12))/12+VLOOKUP($A89*10000+$B89+12,'Reduced Spot Curves'!$H:$DD,VLOOKUP(E$1,'Rate Mapping'!$A:$B,2,FALSE)+1,TRUE)*(MOD($B89,12))/12 -> 0.038254247 | F89: =VLOOKUP($A89*10000+$B89,'Reduced Spot Curves'!$H:$DD,VLOOKUP(F$1,'Rate Mapping'!$A:$B,2,FALSE)+1,TRUE)*(12-MOD($B89,12))/12+VLOOKUP($A89*10000+$B89+12,'Reduced Spot Curves'!$H:$DD,VLOOKUP(F$1,'Rate Mapping'!$A:$B,2,FALSE)+1,TRUE)*(MOD($B89,12))/12 -> 0.038254247 | G89: =VLOOKUP($A89*10000+$B89,'Reduced Spot Curves'!$H:$DD,VLOOKUP(G$1,'Rate Mapping'!$A:$B,2,FALSE)+1,TRUE)*(12-MOD($B89,12))/12+VLOOKUP($A89*10000+$B89+12,'Reduced Spot Curves'!$H:$DD,VLOOKUP(G$1,'Rate Mapping'!$A:$B,2,FALSE)+1,TRUE)*(MOD($B89,12))/12 -> 0.038254247 | H89: =VLOOKUP($A89*10000+$B89,'Reduced Spot Curves'!$H:$DD,VLOOKUP(H$1,'Rate Mapping'!$A:$B,2,FALSE)+1,TRUE)*(12-MOD($B89,12))/12+VLOOKUP($A89*10000+$B89+12,'Reduced Spot Curves'!$H:$DD,VLOOKUP(H$1,'Rate Mapping'!$A:$B,2,FALSE)+1,TRUE)*(MOD($B89,12))/12 -> 0.036723419 | I89: =VLOOKUP($A89*10000+$B89,'Reduced Spot Curves'!$H:$DD,VLOOKUP(I$1,'Rate Mapping'!$A:$B,2,FALSE)+1,TRUE)*(12-MOD($B89,12))/12+VLOOKUP($A89*10000+$B89+12,'Reduced Spot Curves'!$H:$DD,VLOOKUP(I$1,'Rate Mapping'!$A:$B,2,FALSE)+1,TRUE)*(MOD($B89,12))/12 -> 0.035652678 | J89: =VLOOKUP($A89*10000+$B89,'Reduced Spot Curves'!$H:$DD,VLOOKUP(J$1,'Rate Mapping'!$A:$B,2,FALSE)+1,TRUE)*(12-MOD($B89,12))/12+VLOOKUP($A89*10000+$B89+12,'Reduced Spot Curves'!$H:$DD,VLOOKUP(J$1,'Rate Mapping'!$A:$B,2,FALSE)+1,TRUE)*(MOD($B89,12))/12 -> 0.034871822 | K89: =VLOOKUP($A89*10000+$B89,'Reduced Spot Curves'!$H:$DD,VLOOKUP(K$1,'Rate Mapping'!$A:$B,2,FALSE)+1,TRUE)*(12-MOD($B89,12))/12+VLOOKUP($A89*10000+$B89+12,'Reduced Spot Curves'!$H:$DD,VLOOKUP(K$1,'Rate Mapping'!$A:$B,2,FALSE)+1,TRUE)*(MOD($B89,12))/12 -> 0.034300809 | ... Y89: =VLOOKUP($A89*10000+$B89,'Reduced Spot Curves'!$H:$DD,VLOOKUP(Y$1,'Rate Mapping'!$A:$B,2,FALSE)+1,TRUE)*(12-MOD($B89,12))/12+VLOOKUP($A89*10000+$B89+12,'Reduced Spot Curves'!$H:$DD,VLOOKUP(Y$1,'Rate Mapping'!$A:$B,2,FALSE)+1,TRUE)*(MOD($B89,12))/12 -> 0.0364663 | Z89: =Z88 -> 0.06 | AA89: =AA88 -> 0 | AB89: =AB88 -> 0 | AC89: =AC88 -> 0
A90: =A9+1 -> 1 | B90: =B9 -> 21 | C90: =Currency -> USD | D90: =VLOOKUP($A90*10000+$B90,'Reduced Spot Curves'!$H:$DD,VLOOKUP(D$1,'Rate Mapping'!$A:$B,2,FALSE)+1,TRUE)*(12-MOD($B90,12))/12+VLOOKUP($A90*10000+$B90+12,'Reduced Spot Curves'!$H:$DD,VLOOKUP(D$1,'Rate Mapping'!$A:$B,2,FALSE)+1,TRUE)*(MOD($B90,12))/12 -> 0.036542122 | E90: =VLOOKUP($A90*10000+$B90,'Reduced Spot Curves'!$H:$DD,VLOOKUP(E$1,'Rate Mapping'!$A:$B,2,FALSE)+1,TRUE)*(12-MOD($B90,12))/12+VLOOKUP($A90*10000+$B90+12,'Reduced Spot Curves'!$H:$DD,VLOOKUP(E$1,'Rate Mapping'!$A:$B,2,FALSE)+1,TRUE)*(MOD($B90,12))/12 -> 0.036542122 | F90: =VLOOKUP($A90*10000+$B90,'Reduced Spot Curves'!$H:$DD,VLOOKUP(F$1,'Rate Mapping'!$A:$B,2,FALSE)+1,TRUE)*(12-MOD($B90,12))/12+VLOOKUP($A90*10000+$B90+12,'Reduced Spot Curves'!$H:$DD,VLOOKUP(F$1,'Rate Mapping'!$A:$B,2,FALSE)+1,TRUE)*(MOD($B90,12))/12 -> 0.036542122 | G90: =VLOOKUP($A90*10000+$B90,'Reduced Spot Curves'!$H:$DD,VLOOKUP(G$1,'Rate Mapping'!$A:$B,2,FALSE)+1,TRUE)*(12-MOD($B90,12))/12+VLOOKUP($A90*10000+$B90+12,'Reduced Spot Curves'!$H:$DD,VLOOKUP(G$1,'Rate Mapping'!$A:$B,2,FALSE)+1,TRUE)*(MOD($B90,12))/12 -> 0.036542122 | H90: =VLOOKUP($A90*10000+$B90,'Reduced Spot Curves'!$H:$DD,VLOOKUP(H$1,'Rate Mapping'!$A:$B,2,FALSE)+1,TRUE)*(12-MOD($B90,12))/12+VLOOKUP($A90*10000+$B90+12,'Reduced Spot Curves'!$H:$DD,VLOOKUP(H$1,'Rate Mapping'!$A:$B,2,FALSE)+1,TRUE)*(MOD($B90,12))/12 -> 0.035584723 | I90: =VLOOKUP($A90*10000+$B90,'Reduced Spot Curves'!$H:$DD,VLOOKUP(I$1,'Rate Mapping'!$A:$B,2,FALSE)+1,TRUE)*(12-MOD($B90,12))/12+VLOOKUP($A90*10000+$B90+12,'Reduced Spot Curves'!$H:$DD,VLOOKUP(I$1,'Rate Mapping'!$A:$B,2,FALSE)+1,TRUE)*(MOD($B90,12))/12 -> 0.034552346 | J90: =VLOOKUP($A90*10000+$B90,'Reduced Spot Curves'!$H:$DD,VLOOKUP(J$1,'Rate Mapping'!$A:$B,2,FALSE)+1,TRUE)*(12-MOD($B90,12))/12+VLOOKUP($A90*10000+$B90+12,'Reduced Spot Curves'!$H:$DD,VLOOKUP(J$1,'Rate Mapping'!$A:$B,2,FALSE)+1,TRUE)*(MOD($B90,12))/12 -> 0.033992954 | K90: =VLOOKUP($A90*10000+$B90,'Reduced Spot Curves'!$H:$DD,VLOOKUP(K$1,'Rate Mapping'!$A:$B,2,FALSE)+1,TRUE)*(12-MOD($B90,12))/12+VLOOKUP($A90*10000+$B90+12,'Reduced Spot Curves'!$H:$DD,VLOOKUP(K$1,'Rate Mapping'!$A:$B,2,FALSE)+1,TRUE)*(MOD($B90,12))/12 -> 0.033439648 | ... Y90: =VLOOKUP($A90*10000+$B90,'Reduced Spot Curves'!$H:$DD,VLOOKUP(Y$1,'Rate Mapping'!$A:$B,2,FALSE)+1,TRUE)*(12-MOD($B90,12))/12+VLOOKUP($A90*10000+$B90+12,'Reduced Spot Curves'!$H:$DD,VLOOKUP(Y$1,'Rate Mapping'!$A:$B,2,FALSE)+1,TRUE)*(MOD($B90,12))/12 -> 0.0360913 | Z90: =Z89 -> 0.06 | AA90: =AA89 -> 0 | AB90: =AB89 -> 0 | AC90: =AC89 -> 0
A91: =A10+1 -> 1 | B91: =B10 -> 24 | C91: =Currency -> USD | D91: =VLOOKUP($A91*10000+$B91,'Reduced Spot Curves'!$H:$DD,VLOOKUP(D$1,'Rate Mapping'!$A:$B,2,FALSE)+1,TRUE)*(12-MOD($B91,12))/12+VLOOKUP($A91*10000+$B91+12,'Reduced Spot Curves'!$H:$DD,VLOOKUP(D$1,'Rate Mapping'!$A:$B,2,FALSE)+1,TRUE)*(MOD($B91,12))/12 -> 0.034829998 | E91: =VLOOKUP($A91*10000+$B91,'Reduced Spot Curves'!$H:$DD,VLOOKUP(E$1,'Rate Mapping'!$A:$B,2,FALSE)+1,TRUE)*(12-MOD($B91,12))/12+VLOOKUP($A91*10000+$B91+12,'Reduced Spot Curves'!$H:$DD,VLOOKUP(E$1,'Rate Mapping'!$A:$B,2,FALSE)+1,TRUE)*(MOD($B91,12))/12 -> 0.034829998 | F91: =VLOOKUP($A91*10000+$B91,'Reduced Spot Curves'!$H:$DD,VLOOKUP(F$1,'Rate Mapping'!$A:$B,2,FALSE)+1,TRUE)*(12-MOD($B91,12))/12+VLOOKUP($A91*10000+$B91+12,'Reduced Spot Curves'!$H:$DD,VLOOKUP(F$1,'Rate Mapping'!$A:$B,2,FALSE)+1,TRUE)*(MOD($B91,12))/12 -> 0.034829998 | G91: =VLOOKUP($A91*10000+$B91,'Reduced Spot Curves'!$H:$DD,VLOOKUP(G$1,'Rate Mapping'!$A:$B,2,FALSE)+1,TRUE)*(12-MOD($B91,12))/12+VLOOKUP($A91*10000+$B91+12,'Reduced Spot Curves'!$H:$DD,VLOOKUP(G$1,'Rate Mapping'!$A:$B,2,FALSE)+1,TRUE)*(MOD($B91,12))/12 -> 0.034829998 | H91: =VLOOKUP($A91*10000+$B91,'Reduced Spot Curves'!$H:$DD,VLOOKUP(H$1,'Rate Mapping'!$A:$B,2,FALSE)+1,TRUE)*(12-MOD($B91,12))/12+VLOOKUP($A91*10000+$B91+12,'Reduced Spot Curves'!$H:$DD,VLOOKUP(H$1,'Rate Mapping'!$A:$B,2,FALSE)+1,TRUE)*(MOD($B91,12))/12 -> 0.034446027 | I91: =VLOOKUP($A91*10000+$B91,'Reduced Spot Curves'!$H:$DD,VLOOKUP(I$1,'Rate Mapping'!$A:$B,2,FALSE)+1,TRUE)*(12-MOD($B91,12))/12+VLOOKUP($A91*10000+$B91+12,'Reduced Spot Curves'!$H:$DD,VLOOKUP(I$1,'Rate Mapping'!$A:$B,2,FALSE)+1,TRUE)*(MOD($B91,12))/12 -> 0.033452014 | J91: =VLOOKUP($A91*10000+$B91,'Reduced Spot Curves'!$H:$DD,VLOOKUP(J$1,'Rate Mapping'!$A:$B,2,FALSE)+1,TRUE)*(12-MOD($B91,12))/12+VLOOKUP($A91*10000+$B91+12,'Reduced Spot Curves'!$H:$DD,VLOOKUP(J$1,'Rate Mapping'!$A:$B,2,FALSE)+1,TRUE)*(MOD($B91,12))/12 -> 0.033114086 | K91: =VLOOKUP($A91*10000+$B91,'Reduced Spot Curves'!$H:$DD,VLOOKUP(K$1,'Rate Mapping'!$A:$B,2,FALSE)+1,TRUE)*(12-MOD($B91,12))/12+VLOOKUP($A91*10000+$B91+12,'Reduced Spot Curves'!$H:$DD,VLOOKUP(K$1,'Rate Mapping'!$A:$B,2,FALSE)+1,TRUE)*(MOD($B91,12))/12 -> 0.032578487 | ... Y91: =VLOOKUP($A91*10000+$B91,'Reduced Spot Curves'!$H:$DD,VLOOKUP(Y$1,'Rate Mapping'!$A:$B,2,FALSE)+1,TRUE)*(12-MOD($B91,12))/12+VLOOKUP($A91*10000+$B91+12,'Reduced Spot Curves'!$H:$DD,VLOOKUP(Y$1,'Rate Mapping'!$A:$B,2,FALSE)+1,TRUE)*(MOD($B91,12))/12 -> 0.0357163 | Z91: =Z90 -> 0.06 | AA91: =AA90 -> 0 | AB91: =AB90 -> 0 | AC91: =AC90 -> 0
A92: =A11+1 -> 1 | B92: =B11 -> 27 | C92: =Currency -> USD | D92: =VLOOKUP($A92*10000+$B92,'Reduced Spot Curves'!$H:$DD,VLOOKUP(D$1,'Rate Mapping'!$A:$B,2,FALSE)+1,TRUE)*(12-MOD($B92,12))/12+VLOOKUP($A92*10000+$B92+12,'Reduced Spot Curves'!$H:$DD,VLOOKUP(D$1,'Rate Mapping'!$A:$B,2,FALSE)+1,TRUE)*(MOD($B92,12))/12 -> 0.034263048 | E92: =VLOOKUP($A92*10000+$B92,'Reduced Spot Curves'!$H:$DD,VLOOKUP(E$1,'Rate Mapping'!$A:$B,2,FALSE)+1,TRUE)*(12-MOD($B92,12))/12+VLOOKUP($A92*10000+$B92+12,'Reduced Spot Curves'!$H:$DD,VLOOKUP(E$1,'Rate Mapping'!$A:$B,2,FALSE)+1,TRUE)*(MOD($B92,12))/12 -> 0.034263048 | F92: =VLOOKUP($A92*10000+$B92,'Reduced Spot Curves'!$H:$DD,VLOOKUP(F$1,'Rate Mapping'!$A:$B,2,FALSE)+1,TRUE)*(12-MOD($B92,12))/12+VLOOKUP($A92*10000+$B92+12,'Reduced Spot Curves'!$H:$DD,VLOOKUP(F$1,'Rate Mapping'!$A:$B,2,FALSE)+1,TRUE)*(MOD($B92,12))/12 -> 0.034263048 | G92: =VLOOKUP($A92*10000+$B92,'Reduced Spot Curves'!$H:$DD,VLOOKUP(G$1,'Rate Mapping'!$A:$B,2,FALSE)+1,TRUE)*(12-MOD($B92,12))/12+VLOOKUP($A92*10000+$B92+12,'Reduced Spot Curves'!$H:$DD,VLOOKUP(G$1,'Rate Mapping'!$A:$B,2,FALSE)+1,TRUE)*(MOD($B92,12))/12 -> 0.034263048 | H92: =VLOOKUP($A92*10000+$B92,'Reduced Spot Curves'!$H:$DD,VLOOKUP(H$1,'Rate Mapping'!$A:$B,2,FALSE)+1,TRUE)*(12-MOD($B92,12))/12+VLOOKUP($A92*10000+$B92+12,'Reduced Spot Curves'!$H:$DD,VLOOKUP(H$1,'Rate Mapping'!$A:$B,2,FALSE)+1,TRUE)*(MOD($B92,12))/12 -> 0.033650447 | I92: =VLOOKUP($A92*10000+$B92,'Reduced Spot Curves'!$H:$DD,VLOOKUP(I$1,'Rate Mapping'!$A:$B,2,FALSE)+1,TRUE)*(12-MOD($B92,12))/12+VLOOKUP($A92*10000+$B92+12,'Reduced Spot Curves'!$H:$DD,VLOOKUP(I$1,'Rate Mapping'!$A:$B,2,FALSE)+1,TRUE)*(MOD($B92,12))/12 -> 0.032849697 | J92: =VLOOKUP($A92*10000+$B92,'Reduced Spot Curves'!$H:$DD,VLOOKUP(J$1,'Rate Mapping'!$A:$B,2,FALSE)+1,TRUE)*(12-MOD($B92,12))/12+VLOOKUP($A92*10000+$B92+12,'Reduced Spot Curves'!$H:$DD,VLOOKUP(J$1,'Rate Mapping'!$A:$B,2,FALSE)+1,TRUE)*(MOD($B92,12))/12 -> 0.032464658 | K92: =VLOOKUP($A92*10000+$B92,'Reduced Spot Curves'!$H:$DD,VLOOKUP(K$1,'Rate Mapping'!$A:$B,2,FALSE)+1,TRUE)*(12-MOD($B92,12))/12+VLOOKUP($A92*10000+$B92+12,'Reduced Spot Curves'!$H:$DD,VLOOKUP(K$1,'Rate Mapping'!$A:$B,2,FALSE)+1,TRUE)*(MOD($B92,12))/12 -> 0.032045651 | ... Y92: =VLOOKUP($A92*10000+$B92,'Reduced Spot Curves'!$H:$DD,VLOOKUP(Y$1,'Rate Mapping'!$A:$B,2,FALSE)+1,TRUE)*(12-MOD($B92,12))/12+VLOOKUP($A92*10000+$B92+12,'Reduced Spot Curves'!$H:$DD,VLOOKUP(Y$1,'Rate Mapping'!$A:$B,2,FALSE)+1,TRUE)*(MOD($B92,12))/12 -> 0.0353413 | Z92: =Z91 -> 0.06 | AA92: =AA91 -> 0 | AB92: =AB91 -> 0 | AC92: =AC91 -> 0
A93: =A12+1 -> 1 | B93: =B12 -> 30 | C93: =Currency -> USD | D93: =VLOOKUP($A93*10000+$B93,'Reduced Spot Curves'!$H:$DD,VLOOKUP(D$1,'Rate Mapping'!$A:$B,2,FALSE)+1,TRUE)*(12-MOD($B93,12))/12+VLOOKUP($A93*10000+$B93+12,'Reduced Spot Curves'!$H:$DD,VLOOKUP(D$1,'Rate Mapping'!$A:$B,2,FALSE)+1,TRUE)*(MOD($B93,12))/12 -> 0.033696098 | E93: =VLOOKUP($A93*10000+$B93,'Reduced Spot Curves'!$H:$DD,VLOOKUP(E$1,'Rate Mapping'!$A:$B,2,FALSE)+1,TRUE)*(12-MOD($B93,12))/12+VLOOKUP($A93*10000+$B93+12,'Reduced Spot Curves'!$H:$DD,VLOOKUP(E$1,'Rate Mapping'!$A:$B,2,FALSE)+1,TRUE)*(MOD($B93,12))/12 -> 0.033696098 | F93: =VLOOKUP($A93*10000+$B93,'Reduced Spot Curves'!$H:$DD,VLOOKUP(F$1,'Rate Mapping'!$A:$B,2,FALSE)+1,TRUE)*(12-MOD($B93,12))/12+VLOOKUP($A93*10000+$B93+12,'Reduced Spot Curves'!$H:$DD,VLOOKUP(F$1,'Rate Mapping'!$A:$B,2,FALSE)+1,TRUE)*(MOD($B93,12))/12 -> 0.033696098 | G93: =VLOOKUP($A93*10000+$B93,'Reduced Spot Curves'!$H:$DD,VLOOKUP(G$1,'Rate Mapping'!$A:$B,2,FALSE)+1,TRUE)*(12-MOD($B93,12))/12+VLOOKUP($A93*10000+$B93+12,'Reduced Spot Curves'!$H:$DD,VLOOKUP(G$1,'Rate Mapping'!$A:$B,2,FALSE)+1,TRUE)*(MOD($B93,12))/12 -> 0.033696098 | H93: =VLOOKUP($A93*10000+$B93,'Reduced Spot Curves'!$H:$DD,VLOOKUP(H$1,'Rate Mapping'!$A:$B,2,FALSE)+1,TRUE)*(12-MOD($B93,12))/12+VLOOKUP($A93*10000+$B93+12,'Reduced Spot Curves'!$H:$DD,VLOOKUP(H$1,'Rate Mapping'!$A:$B,2,FALSE)+1,TRUE)*(MOD($B93,12))/12 -> 0.032854868 | I93: =VLOOKUP($A93*10000+$B93,'Reduced Spot Curves'!$H:$DD,VLOOKUP(I$1,'Rate Mapping'!$A:$B,2,FALSE)+1,TRUE)*(12-MOD($B93,12))/12+VLOOKUP($A93*10000+$B93+12,'Reduced Spot Curves'!$H:$DD,VLOOKUP(I$1,'Rate Mapping'!$A:$B,2,FALSE)+1,TRUE)*(MOD($B93,12))/12 -> 0.03224738 | J93: =VLOOKUP($A93*10000+$B93,'Reduced Spot Curves'!$H:$DD,VLOOKUP(J$1,'Rate Mapping'!$A:$B,2,FALSE)+1,TRUE)*(12-MOD($B93,12))/12+VLOOKUP($A93*10000+$B93+12,'Reduced Spot Curves'!$H:$DD,VLOOKUP(J$1,'Rate Mapping'!$A:$B,2,FALSE)+1,TRUE)*(MOD($B93,12))/12 -> 0.03181523 | K93: =VLOOKUP($A93*10000+$B93,'Reduced Spot Curves'!$H:$DD,VLOOKUP(K$1,'Rate Mapping'!$A:$B,2,FALSE)+1,TRUE)*(12-MOD($B93,12))/12+VLOOKUP($A93*10000+$B93+12,'Reduced Spot Curves'!$H:$DD,VLOOKUP(K$1,'Rate Mapping'!$A:$B,2,FALSE)+1,TRUE)*(MOD($B93,12))/12 -> 0.031512815 | ... Y93: =VLOOKUP($A93*10000+$B93,'Reduced Spot Curves'!$H:$DD,VLOOKUP(Y$1,'Rate Mapping'!$A:$B,2,FALSE)+1,TRUE)*(12-MOD($B93,12))/12+VLOOKUP($A93*10000+$B93+12,'Reduced Spot Curves'!$H:$DD,VLOOKUP(Y$1,'Rate Mapping'!$A:$B,2,FALSE)+1,TRUE)*(MOD($B93,12))/12 -> 0.0349663 | Z93: =Z92 -> 0.06 | AA93: =AA92 -> 0 | AB93: =AB92 -> 0 | AC93: =AC92 -> 0
A94: =A13+1 -> 1 | B94: =B13 -> 33 | C94: =Currency -> USD | D94: =VLOOKUP($A94*10000+$B94,'Reduced Spot Curves'!$H:$DD,VLOOKUP(D$1,'Rate Mapping'!$A:$B,2,FALSE)+1,TRUE)*(12-MOD($B94,12))/12+VLOOKUP($A94*10000+$B94+12,'Reduced Spot Curves'!$H:$DD,VLOOKUP(D$1,'Rate Mapping'!$A:$B,2,FALSE)+1,TRUE)*(MOD($B94,12))/12 -> 0.033129149 | E94: =VLOOKUP($A94*10000+$B94,'Reduced Spot Curves'!$H:$DD,VLOOKUP(E$1,'Rate Mapping'!$A:$B,2,FALSE)+1,TRUE)*(12-MOD($B94,12))/12+VLOOKUP($A94*10000+$B94+12,'Reduced Spot Curves'!$H:$DD,VLOOKUP(E$1,'Rate Mapping'!$A:$B,2,FALSE)+1,TRUE)*(MOD($B94,12))/12 -> 0.033129149 | F94: =VLOOKUP($A94*10000+$B94,'Reduced Spot Curves'!$H:$DD,VLOOKUP(F$1,'Rate Mapping'!$A:$B,2,FALSE)+1,TRUE)*(12-MOD($B94,12))/12+VLOOKUP($A94*10000+$B94+12,'Reduced Spot Curves'!$H:$DD,VLOOKUP(F$1,'Rate Mapping'!$A:$B,2,FALSE)+1,TRUE)*(MOD($B94,12))/12 -> 0.033129149 | G94: =VLOOKUP($A94*10000+$B94,'Reduced Spot Curves'!$H:$DD,VLOOKUP(G$1,'Rate Mapping'!$A:$B,2,FALSE)+1,TRUE)*(12-MOD($B94,12))/12+VLOOKUP($A94*10000+$B94+12,'Reduced Spot Curves'!$H:$DD,VLOOKUP(G$1,'Rate Mapping'!$A:$B,2,FALSE)+1,TRUE)*(MOD($B94,12))/12 -> 0.033129149 | H94: =VLOOKUP($A94*10000+$B94,'Reduced Spot Curves'!$H:$DD,VLOOKUP(H$1,'Rate Mapping'!$A:$B,2,FALSE)+1,TRUE)*(12-MOD($B94,12))/12+VLOOKUP($A94*10000+$B94+12,'Reduced Spot Curves'!$H:$DD,VLOOKUP(H$1,'Rate Mapping'!$A:$B,2,FALSE)+1,TRUE)*(MOD($B94,12))/12 -> 0.032059288 | I94: =VLOOKUP($A94*10000+$B94,'Reduced Spot Curves'!$H:$DD,VLOOKUP(I$1,'Rate Mapping'!$A:$B,2,FALSE)+1,TRUE)*(12-MOD($B94,12))/12+VLOOKUP($A94*10000+$B94+12,'Reduced Spot Curves'!$H:$DD,VLOOKUP(I$1,'Rate Mapping'!$A:$B,2,FALSE)+1,TRUE)*(MOD($B94,12))/12 -> 0.031645063 | J94: =VLOOKUP($A94*10000+$B94,'Reduced Spot Curves'!$H:$DD,VLOOKUP(J$1,'Rate Mapping'!$A:$B,2,FALSE)+1,TRUE)*(12-MOD($B94,12))/12+VLOOKUP($A94*10000+$B94+12,'Reduced Spot Curves'!$H:$DD,VLOOKUP(J$1,'Rate Mapping'!$A:$B,2,FALSE)+1,TRUE)*(MOD($B94,12))/12 -> 0.031165802 | K94: =VLOOKUP($A94*10000+$B94,'Reduced Spot Curves'!$H:$DD,VLOOKUP(K$1,'Rate Mapping'!$A:$B,2,FALSE)+1,TRUE)*(12-MOD($B94,12))/12+VLOOKUP($A94*10000+$B94+12,'Reduced Spot Curves'!$H:$DD,VLOOKUP(K$1,'Rate Mapping'!$A:$B,2,FALSE)+1,TRUE)*(MOD($B94,12))/12 -> 0.030979979 | ... Y94: =VLOOKUP($A94*10000+$B94,'Reduced Spot Curves'!$H:$DD,VLOOKUP(Y$1,'Rate Mapping'!$A:$B,2,FALSE)+1,TRUE)*(12-MOD($B94,12))/12+VLOOKUP($A94*10000+$B94+12,'Reduced Spot Curves'!$H:$DD,VLOOKUP(Y$1,'Rate Mapping'!$A:$B,2,FALSE)+1,TRUE)*(MOD($B94,12))/12 -> 0.0345913 | Z94: =Z93 -> 0.06 | AA94: =AA93 -> 0 | AB94: =AB93 -> 0 | AC94: =AC93 -> 0
... A730: =A649+1 -> 8 | B730: =B649 -> 600 | C730: =Currency -> USD | D730: =VLOOKUP($A730*10000+$B730,'Reduced Spot Curves'!$H:$DD,VLOOKUP(D$1,'Rate Mapping'!$A:$B,2,FALSE)+1,TRUE)*(12-MOD($B730,12))/12+VLOOKUP($A730*10000+$B730+12,'Reduced Spot Curves'!$H:$DD,VLOOKUP(D$1,'Rate Mapping'!$A:$B,2,FALSE)+1,TRUE)*(MOD($B730,12))/12 -> 0.069545304 | E730: =VLOOKUP($A730*10000+$B730,'Reduced Spot Curves'!$H:$DD,VLOOKUP(E$1,'Rate Mapping'!$A:$B,2,FALSE)+1,TRUE)*(12-MOD($B730,12))/12+VLOOKUP($A730*10000+$B730+12,'Reduced Spot Curves'!$H:$DD,VLOOKUP(E$1,'Rate Mapping'!$A:$B,2,FALSE)+1,TRUE)*(MOD($B730,12))/12 -> 0.069545304 | F730: =VLOOKUP($A730*10000+$B730,'Reduced Spot Curves'!$H:$DD,VLOOKUP(F$1,'Rate Mapping'!$A:$B,2,FALSE)+1,TRUE)*(12-MOD($B730,12))/12+VLOOKUP($A730*10000+$B730+12,'Reduced Spot Curves'!$H:$DD,VLOOKUP(F$1,'Rate Mapping'!$A:$B,2,FALSE)+1,TRUE)*(MOD($B730,12))/12 -> 0.069545304 | G730: =VLOOKUP($A730*10000+$B730,'Reduced Spot Curves'!$H:$DD,VLOOKUP(G$1,'Rate Mapping'!$A:$B,2,FALSE)+1,TRUE)*(12-MOD($B730,12))/12+VLOOKUP($A730*10000+$B730+12,'Reduced Spot Curves'!$H:$DD,VLOOKUP(G$1,'Rate Mapping'!$A:$B,2,FALSE)+1,TRUE)*(MOD($B730,12))/12 -> 0.069545304 | H730: =VLOOKUP($A730*10000+$B730,'Reduced Spot Curves'!$H:$DD,VLOOKUP(H$1,'Rate Mapping'!$A:$B,2,FALSE)+1,TRUE)*(12-MOD($B730,12))/12+VLOOKUP($A730*10000+$B730+12,'Reduced Spot Curves'!$H:$DD,VLOOKUP(H$1,'Rate Mapping'!$A:$B,2,FALSE)+1,TRUE)*(MOD($B730,12))/12 -> 0.069016135 | I730: =VLOOKUP($A730*10000+$B730,'Reduced Spot Curves'!$H:$DD,VLOOKUP(I$1,'Rate Mapping'!$A:$B,2,FALSE)+1,TRUE)*(12-MOD($B730,12))/12+VLOOKUP($A730*10000+$B730+12,'Reduced Spot Curves'!$H:$DD,VLOOKUP(I$1,'Rate Mapping'!$A:$B,2,FALSE)+1,TRUE)*(MOD($B730,12))/12 -> 0.068381593 | J730: =VLOOKUP($A730*10000+$B730,'Reduced Spot Curves'!$H:$DD,VLOOKUP(J$1,'Rate Mapping'!$A:$B,2,FALSE)+1,TRUE)*(12-MOD($B730,12))/12+VLOOKUP($A730*10000+$B730+12,'Reduced Spot Curves'!$H:$DD,VLOOKUP(J$1,'Rate Mapping'!$A:$B,2,FALSE)+1,TRUE)*(MOD($B730,12))/12 -> 0.067636606 | K730: =VLOOKUP($A730*10000+$B730,'Reduced Spot Curves'!$H:$DD,VLOOKUP(K$1,'Rate Mapping'!$A:$B,2,FALSE)+1,TRUE)*(12-MOD($B730,12))/12+VLOOKUP($A730*10000+$B730+12,'Reduced Spot Curves'!$H:$DD,VLOOKUP(K$1,'Rate Mapping'!$A:$B,2,FALSE)+1,TRUE)*(MOD($B730,12))/12 -> 0.066776153 | ... Y730: =VLOOKUP($A730*10000+$B730,'Reduced Spot Curves'!$H:$DD,VLOOKUP(Y$1,'Rate Mapping'!$A:$B,2,FALSE)+1,TRUE)*(12-MOD($B730,12))/12+VLOOKUP($A730*10000+$B730+12,'Reduced Spot Curves'!$H:$DD,VLOOKUP(Y$1,'Rate Mapping'!$A:$B,2,FALSE)+1,TRUE)*(MOD($B730,12))/12 -> 0.0437163 | Z730: =Z729 -> 0.06 | AA730: =AA729 -> 0 | AB730: =AB729 -> 0 | AC730: =AC729 -> 0

Sheet Rate Mapping
A1: Scenario Column | B1: Spot Year
A2: 30 Day | B2: 1
A3: 90 Day | B3: 1
A4: 6 Month | B4: 1
A5: 1 Year | B5: 1
A6: 2 Year | B6: 2
A7: 3 year | B7: 3
A8: 4 Year | B8: 4
A9: 5 Year | B9: 5
A10: 6 Year | B10: 6
A11: 7 Year | B11: 7
A12: 8 Year | B12: 8
A13: 9 Year | B13: 9
... A23: 100 Year | B23: 100
